  0
SECTION
  2
HEADER
  9
$ACADVER
  1
AC1027
  9
$ACADMAINTVER
 70
   125
  9
$DWGCODEPAGE
  3
ANSI_1252
  9
$REQUIREDVERSIONS
160
                 0
  9
$INSBASE
 10
0.0
 20
0.0
 30
0.0
  9
$EXTMIN
 10
1.000000000000000E+20
 20
1.000000000000000E+20
 30
1.000000000000000E+20
  9
$EXTMAX
 10
-1.000000000000000E+20
 20
-1.000000000000000E+20
 30
-1.000000000000000E+20
  9
$LIMMIN
 10
0.0
 20
0.0
  9
$LIMMAX
 10
12.0
 20
9.0
  9
$ORTHOMODE
 70
     0
  9
$REGENMODE
 70
     1
  9
$FILLMODE
 70
     1
  9
$QTEXTMODE
 70
     0
  9
$MIRRTEXT
 70
     0
  9
$LTSCALE
 40
1.0
  9
$ATTMODE
 70
     1
  9
$TEXTSIZE
 40
0.2
  9
$TRACEWID
 40
0.05
  9
$TEXTSTYLE
  7
Standard
  9
$CLAYER
  8
0
  9
$CELTYPE
  6
ByLayer
  9
$CECOLOR
 62
   256
  9
$CELTSCALE
 40
1.0
  9
$DISPSILH
 70
     0
  9
$DIMSCALE
 40
1.0
  9
$DIMASZ
 40
0.18
  9
$DIMEXO
 40
0.0625
  9
$DIMDLI
 40
0.38
  9
$DIMRND
 40
0.0
  9
$DIMDLE
 40
0.0
  9
$DIMEXE
 40
0.18
  9
$DIMTP
 40
0.0
  9
$DIMTM
 40
0.0
  9
$DIMTXT
 40
0.18
  9
$DIMCEN
 40
0.09
  9
$DIMTSZ
 40
0.0
  9
$DIMTOL
 70
     0
  9
$DIMLIM
 70
     0
  9
$DIMTIH
 70
     1
  9
$DIMTOH
 70
     1
  9
$DIMSE1
 70
     0
  9
$DIMSE2
 70
     0
  9
$DIMTAD
 70
     0
  9
$DIMZIN
 70
     0
  9
$DIMBLK
  1

  9
$DIMASO
 70
     1
  9
$DIMSHO
 70
     1
  9
$DIMPOST
  1

  9
$DIMAPOST
  1

  9
$DIMALT
 70
     0
  9
$DIMALTD
 70
     2
  9
$DIMALTF
 40
25.4
  9
$DIMLFAC
 40
1.0
  9
$DIMTOFL
 70
     0
  9
$DIMTVP
 40
0.0
  9
$DIMTIX
 70
     0
  9
$DIMSOXD
 70
     0
  9
$DIMSAH
 70
     0
  9
$DIMBLK1
  1

  9
$DIMBLK2
  1

  9
$DIMSTYLE
  2
Standard
  9
$DIMCLRD
 70
     0
  9
$DIMCLRE
 70
     0
  9
$DIMCLRT
 70
     0
  9
$DIMTFAC
 40
1.0
  9
$DIMGAP
 40
0.09
  9
$DIMJUST
 70
     0
  9
$DIMSD1
 70
     0
  9
$DIMSD2
 70
     0
  9
$DIMTOLJ
 70
     1
  9
$DIMTZIN
 70
     0
  9
$DIMALTZ
 70
     0
  9
$DIMALTTZ
 70
     0
  9
$DIMUPT
 70
     0
  9
$DIMDEC
 70
     4
  9
$DIMTDEC
 70
     4
  9
$DIMALTU
 70
     2
  9
$DIMALTTD
 70
     2
  9
$DIMTXSTY
  7
Standard
  9
$DIMAUNIT
 70
     0
  9
$DIMADEC
 70
     0
  9
$DIMALTRND
 40
0.0
  9
$DIMAZIN
 70
     0
  9
$DIMDSEP
 70
    46
  9
$DIMATFIT
 70
     3
  9
$DIMFRAC
 70
     0
  9
$DIMLDRBLK
  1

  9
$DIMLUNIT
 70
     2
  9
$DIMLWD
 70
    -2
  9
$DIMLWE
 70
    -2
  9
$DIMTMOVE
 70
     0
  9
$DIMFXL
 40
1.0
  9
$DIMFXLON
 70
     0
  9
$DIMJOGANG
 40
0.7853981633974483
  9
$DIMTFILL
 70
     0
  9
$DIMTFILLCLR
 70
     0
  9
$DIMARCSYM
 70
     0
  9
$DIMLTYPE
  6

  9
$DIMLTEX1
  6

  9
$DIMLTEX2
  6

  9
$DIMTXTDIRECTION
 70
     0
  9
$LUNITS
 70
     2
  9
$LUPREC
 70
     4
  9
$SKETCHINC
 40
0.1
  9
$FILLETRAD
 40
0.0
  9
$AUNITS
 70
     0
  9
$AUPREC
 70
     0
  9
$MENU
  1
.
  9
$ELEVATION
 40
0.0
  9
$PELEVATION
 40
0.0
  9
$THICKNESS
 40
0.0
  9
$LIMCHECK
 70
     0
  9
$CHAMFERA
 40
0.0
  9
$CHAMFERB
 40
0.0
  9
$CHAMFERC
 40
0.0
  9
$CHAMFERD
 40
0.0
  9
$SKPOLY
 70
     0
  9
$TDCREATE
 40
2461049.889930556
  9
$TDUCREATE
 40
2461049.889930556
  9
$TDUPDATE
 40
2461049.889930556
  9
$TDUUPDATE
 40
2461049.889930556
  9
$TDINDWG
 40
0.0000000000
  9
$TDUSRTIMER
 40
0.0000000000
  9
$USRTIMER
 70
     1
  9
$ANGBASE
 50
0.0
  9
$ANGDIR
 70
     0
  9
$PDMODE
 70
     0
  9
$PDSIZE
 40
0.0
  9
$PLINEWID
 40
0.0
  9
$SPLFRAME
 70
     0
  9
$SPLINETYPE
 70
     6
  9
$SPLINESEGS
 70
     8
  9
$HANDSEED
  5
3E9
  9
$SURFTAB1
 70
     6
  9
$SURFTAB2
 70
     6
  9
$SURFTYPE
 70
     6
  9
$SURFU
 70
     6
  9
$SURFV
 70
     6
  9
$UCSBASE
  2

  9
$UCSNAME
  2

  9
$UCSORG
 10
0.0
 20
0.0
 30
0.0
  9
$UCSXDIR
 10
1.0
 20
0.0
 30
0.0
  9
$UCSYDIR
 10
0.0
 20
1.0
 30
0.0
  9
$UCSORTHOREF
  2

  9
$UCSORTHOVIEW
 70
     0
  9
$UCSORGTOP
 10
0.0
 20
0.0
 30
0.0
  9
$UCSORGBOTTOM
 10
0.0
 20
0.0
 30
0.0
  9
$UCSORGLEFT
 10
0.0
 20
0.0
 30
0.0
  9
$UCSORGRIGHT
 10
0.0
 20
0.0
 30
0.0
  9
$UCSORGFRONT
 10
0.0
 20
0.0
 30
0.0
  9
$UCSORGBACK
 10
0.0
 20
0.0
 30
0.0
  9
$PUCSBASE
  2

  9
$PUCSNAME
  2

  9
$PUCSORG
 10
0.0
 20
0.0
 30
0.0
  9
$PUCSXDIR
 10
1.0
 20
0.0
 30
0.0
  9
$PUCSYDIR
 10
0.0
 20
1.0
 30
0.0
  9
$PUCSORTHOREF
  2

  9
$PUCSORTHOVIEW
 70
     0
  9
$PUCSORGTOP
 10
0.0
 20
0.0
 30
0.0
  9
$PUCSORGBOTTOM
 10
0.0
 20
0.0
 30
0.0
  9
$PUCSORGLEFT
 10
0.0
 20
0.0
 30
0.0
  9
$PUCSORGRIGHT
 10
0.0
 20
0.0
 30
0.0
  9
$PUCSORGFRONT
 10
0.0
 20
0.0
 30
0.0
  9
$PUCSORGBACK
 10
0.0
 20
0.0
 30
0.0
  9
$USERI1
 70
     0
  9
$USERI2
 70
     0
  9
$USERI3
 70
     0
  9
$USERI4
 70
     0
  9
$USERI5
 70
     0
  9
$USERR1
 40
0.0
  9
$USERR2
 40
0.0
  9
$USERR3
 40
0.0
  9
$USERR4
 40
0.0
  9
$USERR5
 40
0.0
  9
$WORLDVIEW
 70
     1
  9
$SHADEDGE
 70
     3
  9
$SHADEDIF
 70
    70
  9
$TILEMODE
 70
     1
  9
$MAXACTVP
 70
    64
  9
$PINSBASE
 10
0.0
 20
0.0
 30
0.0
  9
$PLIMCHECK
 70
     0
  9
$PEXTMIN
 10
1.000000000000000E+20
 20
1.000000000000000E+20
 30
1.000000000000000E+20
  9
$PEXTMAX
 10
-1.000000000000000E+20
 20
-1.000000000000000E+20
 30
-1.000000000000000E+20
  9
$PLIMMIN
 10
0.0
 20
0.0
  9
$PLIMMAX
 10
12.0
 20
9.0
  9
$UNITMODE
 70
     0
  9
$VISRETAIN
 70
     1
  9
$PLINEGEN
 70
     0
  9
$PSLTSCALE
 70
     1
  9
$TREEDEPTH
 70
  3020
  9
$CMLSTYLE
  2
Standard
  9
$CMLJUST
 70
     0
  9
$CMLSCALE
 40
1.0
  9
$PROXYGRAPHICS
 70
     1
  9
$MEASUREMENT
 70
     0
  9
$CELWEIGHT
370
    -1
  9
$ENDCAPS
280
     0
  9
$JOINSTYLE
280
     0
  9
$LWDISPLAY
290
     0
  9
$INSUNITS
 70
     4
  9
$HYPERLINKBASE
  1

  9
$STYLESHEET
  1

  9
$XEDIT
290
     1
  9
$CEPSNTYPE
380
     0
  9
$PSTYLEMODE
290
     1
  9
$FINGERPRINTGUID
  2
{705E7C3D-ABCF-C248-9B98-F7663CDC5EC5}
  9
$VERSIONGUID
  2
{1832C56A-DD4F-DC4F-AD57-07B4820C01B0}
  9
$EXTNAMES
290
     1
  9
$PSVPSCALE
 40
0.0
  9
$OLESTARTUP
290
     0
  9
$SORTENTS
280
   127
  9
$INDEXCTL
280
     0
  9
$HIDETEXT
280
     1
  9
$XCLIPFRAME
280
     2
  9
$HALOGAP
280
     0
  9
$OBSCOLOR
 70
   257
  9
$OBSLTYPE
280
     0
  9
$INTERSECTIONDISPLAY
280
     0
  9
$INTERSECTIONCOLOR
 70
   257
  9
$DIMASSOC
280
     2
  9
$PROJECTNAME
  1

  9
$CAMERADISPLAY
290
     0
  9
$LENSLENGTH
 40
50.0
  9
$CAMERAHEIGHT
 40
0.0
  9
$STEPSPERSEC
 40
2.0
  9
$STEPSIZE
 40
6.0
  9
$3DDWFPREC
 40
2.0
  9
$PSOLWIDTH
 40
0.25
  9
$PSOLHEIGHT
 40
4.0
  9
$LOFTANG1
 40
1.570796326794896
  9
$LOFTANG2
 40
1.570796326794896
  9
$LOFTMAG1
 40
0.0
  9
$LOFTMAG2
 40
0.0
  9
$LOFTPARAM
 70
     7
  9
$LOFTNORMALS
280
     1
  9
$LATITUDE
 40
37.795
  9
$LONGITUDE
 40
-122.394
  9
$NORTHDIRECTION
 40
0.0
  9
$TIMEZONE
 70
 -8000
  9
$LIGHTGLYPHDISPLAY
280
     1
  9
$TILEMODELIGHTSYNCH
280
     1
  9
$CMATERIAL
347
11
  9
$SOLIDHIST
280
     0
  9
$SHOWHIST
280
     1
  9
$DWFFRAME
280
     2
  9
$DGNFRAME
280
     0
  9
$REALWORLDSCALE
290
     1
  9
$INTERFERECOLOR
 62
     1
  9
$INTERFEREOBJVS
345
33
  9
$INTERFEREVPVS
346
30
  9
$CSHADOW
280
     0
  9
$SHADOWPLANELOCATION
 40
0.0
  0
ENDSEC
  0
SECTION
  2
CLASSES
  0
CLASS
  1
ACDBDICTIONARYWDFLT
  2
AcDbDictionaryWithDefault
  3
ObjectDBX Classes
 90
        0
 91
        1
280
     0
281
     0
  0
CLASS
  1
MATERIAL
  2
AcDbMaterial
  3
ObjectDBX Classes
 90
     1153
 91
        3
280
     0
281
     0
  0
CLASS
  1
VISUALSTYLE
  2
AcDbVisualStyle
  3
ObjectDBX Classes
 90
     4095
 91
       24
280
     0
281
     0
  0
CLASS
  1
SCALE
  2
AcDbScale
  3
ObjectDBX Classes
 90
     1153
 91
       17
280
     0
281
     0
  0
CLASS
  1
TABLESTYLE
  2
AcDbTableStyle
  3
ObjectDBX Classes
 90
     4095
 91
        1
280
     0
281
     0
  0
CLASS
  1
MLEADERSTYLE
  2
AcDbMLeaderStyle
  3
ACDB_MLEADERSTYLE_CLASS
 90
     4095
 91
        1
280
     0
281
     0
  0
CLASS
  1
ACDBSECTIONVIEWSTYLE
  2
AcDbSectionViewStyle
  3
ObjectDBX Classes
 90
     1025
 91
        1
280
     0
281
     0
  0
CLASS
  1
ACDBDETAILVIEWSTYLE
  2
AcDbDetailViewStyle
  3
ObjectDBX Classes
 90
     1025
 91
        1
280
     0
281
     0
  0
CLASS
  1
DICTIONARYVAR
  2
AcDbDictionaryVar
  3
ObjectDBX Classes
 90
        0
 91
        5
280
     0
281
     0
  0
CLASS
  1
CELLSTYLEMAP
  2
AcDbCellStyleMap
  3
ObjectDBX Classes
 90
     1152
 91
        1
280
     0
281
     0
  0
ENDSEC
  0
SECTION
  2
TABLES
  0
TABLE
  2
VPORT
  5
8
330
0
100
AcDbSymbolTable
 70
     1
1001
ACAD
1000
DbSaveVer
1071
      421
  0
VPORT
  5
57
330
8
100
AcDbSymbolTableRecord
100
AcDbViewportTableRecord
  2
*Active
 70
     0
 10
0.0
 20
0.0
 11
1.0
 21
1.0
 12
500.0
 22
500.0
 13
0.0
 23
0.0
 14
1.0
 24
1.0
 15
0.0
 25
0.0
 16
0.0
 26
0.0
 36
1.0
 17
0.0
 27
0.0
 37
0.0
 40
12.0
 41
1.0
 42
50.0
 43
0.0
 44
0.0
 50
0.0
 51
0.0
 71
     0
 72
   100
 73
     1
 74
     1
 75
     0
 76
     0
 77
     0
 78
     0
281
     0
 65
     1
110
0.0
120
0.0
130
0.0
111
1.0
121
0.0
131
0.0
112
0.0
122
1.0
132
0.0
 79
     0
146
0.0
 60
     3
 61
     5
292
     1
282
     1
141
0.0
142
0.0
 63
   250
421
  3355443
  0
ENDTAB
  0
TABLE
  2
LTYPE
  5
5
330
0
100
AcDbSymbolTable
 70
     1
  0
LTYPE
  5
5B
330
5
100
AcDbSymbolTableRecord
100
AcDbLinetypeTableRecord
  2
ByBlock
 70
     0
  3

 72
    65
 73
     0
 40
0.0
  0
LTYPE
  5
5C
330
5
100
AcDbSymbolTableRecord
100
AcDbLinetypeTableRecord
  2
ByLayer
 70
     0
  3

 72
    65
 73
     0
 40
0.0
  0
LTYPE
  5
5D
330
5
100
AcDbSymbolTableRecord
100
AcDbLinetypeTableRecord
  2
Continuous
 70
     0
  3
Solid line
 72
    65
 73
     0
 40
0.0
  0
ENDTAB
  0
TABLE
  2
LAYER
  5
2
330
0
100
AcDbSymbolTable
 70
     2
  0
LAYER
  5
54
330
2
100
AcDbSymbolTableRecord
100
AcDbLayerTableRecord
  2
0
 70
     0
 62
     7
  6
Continuous
370
    -3
390
F
347
21
348
0
  0
LAYER
  5
7A
330
2
100
AcDbSymbolTableRecord
100
AcDbLayerTableRecord
  2
MAZE #3 v1_Sketch1
 70
     0
 62
     7
  6
Continuous
370
    -3
390
F
347
21
348
0
1001
NFusion_SketchTransform
1000
1.000000;0.000000;0.000000;0.000000;0.000000;0.000000;1.000000;0.000000;0.000000;-1.000000;0.000000;0.000000;0.000000;0.000000;0.000000;1.000000
  0
ENDTAB
  0
TABLE
  2
STYLE
  5
3
330
0
100
AcDbSymbolTable
 70
     2
  0
STYLE
  5
55
330
3
100
AcDbSymbolTableRecord
100
AcDbTextStyleTableRecord
  2
Standard
 70
     0
 40
0.0
 41
1.0
 50
0.0
 71
     0
 42
0.2
  3
txt
  4

  0
STYLE
  5
5A
330
3
100
AcDbSymbolTableRecord
100
AcDbTextStyleTableRecord
  2
Annotative
 70
     0
 40
0.0
 41
1.0
 50
0.0
 71
     0
 42
0.2
  3
txt
  4

1001
AcadAnnotative
1000
AnnotativeData
1002
{
1070
     1
1070
     1
1002
}
  0
ENDTAB
  0
TABLE
  2
VIEW
  5
6
330
0
100
AcDbSymbolTable
 70
     0
  0
ENDTAB
  0
TABLE
  2
UCS
  5
7
330
0
100
AcDbSymbolTable
 70
     0
  0
ENDTAB
  0
TABLE
  2
APPID
  5
9
330
0
100
AcDbSymbolTable
 70
     4
  0
APPID
  5
56
330
9
100
AcDbSymbolTableRecord
100
AcDbRegAppTableRecord
  2
ACAD
 70
     0
  0
APPID
  5
5E
330
9
100
AcDbSymbolTableRecord
100
AcDbRegAppTableRecord
  2
AcadAnnotative
 70
     0
  0
APPID
  5
78
330
9
100
AcDbSymbolTableRecord
100
AcDbRegAppTableRecord
  2
EDIT_IN_FUSION_ACAD_ADDIN
 70
     0
  0
APPID
  5
79
330
9
100
AcDbSymbolTableRecord
100
AcDbRegAppTableRecord
  2
NFusion_SketchTransform
 70
     0
  0
ENDTAB
  0
TABLE
  2
DIMSTYLE
  5
A
330
0
100
AcDbSymbolTable
 70
     2
100
AcDbDimStyleTable
 71
     0
  0
DIMSTYLE
105
58
330
A
100
AcDbSymbolTableRecord
100
AcDbDimStyleTableRecord
  2
Standard
 70
     0
340
55
  0
DIMSTYLE
105
59
330
A
100
AcDbSymbolTableRecord
100
AcDbDimStyleTableRecord
  2
Annotative
 70
     0
340
55
1001
AcadAnnotative
1000
AnnotativeData
1002
{
1070
     1
1070
     1
1002
}
  0
ENDTAB
  0
TABLE
  2
BLOCK_RECORD
  5
1
330
0
100
AcDbSymbolTable
 70
     1
  0
BLOCK_RECORD
  5
70
330
1
100
AcDbSymbolTableRecord
100
AcDbBlockTableRecord
  2
*Model_Space
340
73
 70
     0
280
     1
281
     0
  0
BLOCK_RECORD
  5
6C
330
1
100
AcDbSymbolTableRecord
100
AcDbBlockTableRecord
  2
*Paper_Space
340
6F
 70
     0
280
     1
281
     0
  0
BLOCK_RECORD
  5
74
330
1
100
AcDbSymbolTableRecord
100
AcDbBlockTableRecord
  2
*Paper_Space0
340
77
 70
     0
280
     1
281
     0
  0
ENDTAB
  0
ENDSEC
  0
SECTION
  2
BLOCKS
  0
BLOCK
  5
71
330
70
100
AcDbEntity
  8
0
100
AcDbBlockBegin
  2
*Model_Space
 70
     0
 10
0.0
 20
0.0
 30
0.0
  3
*Model_Space
  1

  0
ENDBLK
  5
72
330
70
100
AcDbEntity
  8
0
100
AcDbBlockEnd
  0
BLOCK
  5
6D
330
6C
100
AcDbEntity
 67
     1
  8
0
100
AcDbBlockBegin
  2
*Paper_Space
 70
     0
 10
0.0
 20
0.0
 30
0.0
  3
*Paper_Space
  1

  0
ENDBLK
  5
6E
330
6C
100
AcDbEntity
 67
     1
  8
0
100
AcDbBlockEnd
  0
BLOCK
  5
75
330
74
100
AcDbEntity
 67
     1
  8
0
100
AcDbBlockBegin
  2
*Paper_Space0
 70
     0
 10
0.0
 20
0.0
 30
0.0
  3
*Paper_Space0
  1

  0
ENDBLK
  5
76
330
74
100
AcDbEntity
 67
     1
  8
0
100
AcDbBlockEnd
  0
ENDSEC
  0
SECTION
  2
ENTITIES
  0
POINT
  5
7B
330
70
100
AcDbEntity
  8
MAZE #3 v1_Sketch1
100
AcDbPoint
 10
0.0
 20
0.0
 30
0.0
  0
LINE
  5
7C
330
70
100
AcDbEntity
  8
MAZE #3 v1_Sketch1
100
AcDbLine
 10
-3700.0
 20
0.0
 30
-3670.800144181985
 11
-3700.0
 21
0.0
 31
-3716.305790983261
  0
LINE
  5
7D
330
70
100
AcDbEntity
  8
MAZE #3 v1_Sketch1
100
AcDbLine
 10
3685.695569513141
 20
0.0
 30
-3716.305790983261
 11
3725.329519952961
 21
0.0
 31
-3716.305790983261
  0
LINE
  5
7E
330
70
100
AcDbEntity
  8
MAZE #3 v1_Sketch1
100
AcDbLine
 10
-3334.284411628665
 20
0.0
 30
-400.0
 11
-3334.284411628665
 21
0.0
 31
-42.82575484809996
  0
LINE
  5
7F
330
70
100
AcDbEntity
  8
MAZE #3 v1_Sketch1
100
AcDbLine
 10
-2611.331797124543
 20
0.0
 30
390.2118518091924
 11
-2611.331797124543
 21
0.0
 31
0.0
  0
LINE
  5
80
330
70
100
AcDbEntity
  8
MAZE #3 v1_Sketch1
100
AcDbLine
 10
3725.329519952961
 20
0.0
 30
-3716.305790983261
 11
3725.329519952961
 21
0.0
 31
-348.1539656437485
  0
LINE
  5
81
330
70
100
AcDbEntity
  8
MAZE #3 v1_Sketch1
100
AcDbLine
 10
-1448.001955511309
 20
0.0
 30
0.0
 11
-1448.001955511309
 21
0.0
 31
-42.82575484809996
  0
LINE
  5
82
330
70
100
AcDbEntity
  8
MAZE #3 v1_Sketch1
100
AcDbLine
 10
-1500.0
 20
0.0
 30
-400.0
 11
-1448.001955511309
 21
0.0
 31
-400.0
  0
LINE
  5
83
330
70
100
AcDbEntity
  8
MAZE #3 v1_Sketch1
100
AcDbLine
 10
-3300.0
 20
0.0
 30
-400.0
 11
-3334.284411628665
 21
0.0
 31
-400.0
  0
LINE
  5
84
330
70
100
AcDbEntity
  8
MAZE #3 v1_Sketch1
100
AcDbLine
 10
-3700.0
 20
0.0
 30
0.0
 11
-3660.897521734589
 21
0.0
 31
0.0
  0
LINE
  5
85
330
70
100
AcDbEntity
  8
MAZE #3 v1_Sketch1
100
AcDbLine
 10
-2574.000977755655
 20
0.0
 30
390.2118518091924
 11
-2611.331797124543
 21
0.0
 31
390.2118518091924
  0
LINE
  5
86
330
70
100
AcDbEntity
  8
MAZE #3 v1_Sketch1
100
AcDbLine
 10
-1500.0
 20
0.0
 30
-42.82575484809996
 11
-1500.0
 21
0.0
 31
-400.0
  0
LINE
  5
87
330
70
100
AcDbEntity
  8
MAZE #3 v1_Sketch1
100
AcDbLine
 10
-3000.0
 20
0.0
 30
-800.0
 11
-2963.633578811831
 21
0.0
 31
-800.0
  0
LINE
  5
88
330
70
100
AcDbEntity
  8
MAZE #3 v1_Sketch1
100
AcDbLine
 10
-1448.001955511309
 20
0.0
 30
-400.0
 11
-1448.001955511309
 21
0.0
 31
0.0
  0
LINE
  5
89
330
70
100
AcDbEntity
  8
MAZE #3 v1_Sketch1
100
AcDbLine
 10
-1448.001955511309
 20
0.0
 30
0.0
 11
-1500.0
 21
0.0
 31
0.0
  0
LINE
  5
8A
330
70
100
AcDbEntity
  8
MAZE #3 v1_Sketch1
100
AcDbLine
 10
-3334.284411628665
 20
0.0
 30
0.0
 11
-3300.0
 21
0.0
 31
0.0
  0
LINE
  5
8B
330
70
100
AcDbEntity
  8
MAZE #3 v1_Sketch1
100
AcDbLine
 10
-3300.0
 20
0.0
 30
-42.82575484809996
 11
-3300.0
 21
0.0
 31
-400.0
  0
LINE
  5
8C
330
70
100
AcDbEntity
  8
MAZE #3 v1_Sketch1
100
AcDbLine
 10
-3700.0
 20
0.0
 30
-42.82575484809996
 11
-3700.0
 21
0.0
 31
0.0
  0
LINE
  5
8D
330
70
100
AcDbEntity
  8
MAZE #3 v1_Sketch1
100
AcDbLine
 10
-3660.897521734589
 20
0.0
 30
-3716.305790983261
 11
-3700.0
 21
0.0
 31
-3716.305790983261
  0
LINE
  5
8E
330
70
100
AcDbEntity
  8
MAZE #3 v1_Sketch1
100
AcDbLine
 10
-3700.0
 20
0.0
 30
-3716.305790983261
 11
-3700.0
 21
0.0
 31
0.0
  0
LINE
  5
8F
330
70
100
AcDbEntity
  8
MAZE #3 v1_Sketch1
100
AcDbLine
 10
-2611.331797124543
 20
0.0
 30
-42.82575484809996
 11
-2574.000977755655
 21
0.0
 31
-42.82575484809996
  0
LINE
  5
90
330
70
100
AcDbEntity
  8
MAZE #3 v1_Sketch1
100
AcDbLine
 10
-2574.000977755655
 20
0.0
 30
0.0
 11
-2574.000977755655
 21
0.0
 31
390.2118518091924
  0
LINE
  5
91
330
70
100
AcDbEntity
  8
MAZE #3 v1_Sketch1
100
AcDbLine
 10
-3660.897521734589
 20
0.0
 30
-800.0
 11
-2963.633578811831
 21
0.0
 31
-800.0
  0
LINE
  5
92
330
70
100
AcDbEntity
  8
MAZE #3 v1_Sketch1
100
AcDbLine
 10
-3000.0
 20
0.0
 30
-740.0896977708569
 11
-3660.897521734589
 21
0.0
 31
-740.0896977708569
  0
LINE
  5
93
330
70
100
AcDbEntity
  8
MAZE #3 v1_Sketch1
100
AcDbLine
 10
-2963.633578811831
 20
0.0
 30
-800.0
 11
-2963.633578811831
 21
0.0
 31
-340.0803831467485
  0
LINE
  5
94
330
70
100
AcDbEntity
  8
MAZE #3 v1_Sketch1
100
AcDbLine
 10
-2963.633578811831
 20
0.0
 30
-340.0803831467485
 11
-3000.0
 21
0.0
 31
-340.0803831467485
  0
LINE
  5
95
330
70
100
AcDbEntity
  8
MAZE #3 v1_Sketch1
100
AcDbLine
 10
-3700.0
 20
0.0
 30
-3716.305790983261
 11
3725.329519952961
 21
0.0
 31
-3716.305790983261
  0
LINE
  5
96
330
70
100
AcDbEntity
  8
MAZE #3 v1_Sketch1
100
AcDbLine
 10
-3700.0
 20
0.0
 30
-740.0896977708569
 11
-3700.0
 21
0.0
 31
-800.0
  0
LINE
  5
97
330
70
100
AcDbEntity
  8
MAZE #3 v1_Sketch1
100
AcDbLine
 10
-3000.0
 20
0.0
 30
-340.0803831467485
 11
-3000.0
 21
0.0
 31
-740.0896977708569
  0
LINE
  5
98
330
70
100
AcDbEntity
  8
MAZE #3 v1_Sketch1
100
AcDbLine
 10
3725.329519952961
 20
0.0
 30
-3716.305790983261
 11
3725.329519952961
 21
0.0
 31
-3670.800144181985
  0
LINE
  5
99
330
70
100
AcDbEntity
  8
MAZE #3 v1_Sketch1
100
AcDbLine
 10
-2980.734894464571
 20
0.0
 30
400.0
 11
-3676.310724683411
 21
0.0
 31
400.0
  0
LINE
  5
9A
330
70
100
AcDbEntity
  8
MAZE #3 v1_Sketch1
100
AcDbLine
 10
-2550.0
 20
0.0
 30
-3300.0
 11
-2934.957681706578
 21
0.0
 31
-3300.0
  0
LINE
  5
9B
330
70
100
AcDbEntity
  8
MAZE #3 v1_Sketch1
100
AcDbLine
 10
3725.329519952961
 20
0.0
 30
-348.1539656437485
 11
3685.695569513141
 21
0.0
 31
-348.1539656437485
  0
LINE
  5
9C
330
70
100
AcDbEntity
  8
MAZE #3 v1_Sketch1
100
AcDbLine
 10
-3714.953826362235
 20
0.0
 30
364.2662935120137
 11
-2950.0
 21
0.0
 31
364.2662935120137
  0
LINE
  5
9D
330
70
100
AcDbEntity
  8
MAZE #3 v1_Sketch1
100
AcDbLine
 10
3725.329519952961
 20
0.0
 30
3714.325954437793
 11
3685.695569513141
 21
0.0
 31
3714.325954437793
  0
LINE
  5
9E
330
70
100
AcDbEntity
  8
MAZE #3 v1_Sketch1
100
AcDbLine
 10
-3700.0
 20
0.0
 30
-2949.143338930173
 11
-3700.0
 21
0.0
 31
-3000.0
  0
LINE
  5
9F
330
70
100
AcDbEntity
  8
MAZE #3 v1_Sketch1
100
AcDbLine
 10
-3714.953826362235
 20
0.0
 30
364.2662935120137
 11
-3714.953826362235
 21
0.0
 31
3714.325954437793
  0
LINE
  5
A0
330
70
100
AcDbEntity
  8
MAZE #3 v1_Sketch1
100
AcDbLine
 10
3725.329519952961
 20
0.0
 30
-11.26538690527979
 11
3725.329519952961
 21
0.0
 31
3714.325954437793
  0
LINE
  5
A1
330
70
100
AcDbEntity
  8
MAZE #3 v1_Sketch1
100
AcDbLine
 10
-2972.815987269844
 20
0.0
 30
-3347.991062718008
 11
-2550.0
 21
0.0
 31
-3347.991062718008
  0
LINE
  5
A2
330
70
100
AcDbEntity
  8
MAZE #3 v1_Sketch1
100
AcDbLine
 10
-1826.458953336596
 20
0.0
 30
-3300.0
 11
-1860.796836841508
 21
0.0
 31
-3300.0
  0
LINE
  5
A3
330
70
100
AcDbEntity
  8
MAZE #3 v1_Sketch1
100
AcDbLine
 10
-3676.310724683411
 20
0.0
 30
364.266293512014
 11
-3714.953826362235
 21
0.0
 31
364.2662935120137
  0
LINE
  5
A4
330
70
100
AcDbEntity
  8
MAZE #3 v1_Sketch1
100
AcDbLine
 10
-1826.458953336596
 20
0.0
 30
-3350.0
 11
-1826.458953336596
 21
0.0
 31
-3300.0
  0
LINE
  5
A5
330
70
100
AcDbEntity
  8
MAZE #3 v1_Sketch1
100
AcDbLine
 10
-1121.211653658768
 20
0.0
 30
-3716.305790983261
 11
-1081.591018845407
 21
0.0
 31
-3716.305790983261
  0
LINE
  5
A6
330
70
100
AcDbEntity
  8
MAZE #3 v1_Sketch1
100
AcDbLine
 10
3685.695569513141
 20
0.0
 30
-11.26538690527979
 11
3725.329519952961
 21
0.0
 31
-11.26538690527979
  0
LINE
  5
A7
330
70
100
AcDbEntity
  8
MAZE #3 v1_Sketch1
100
AcDbLine
 10
-3350.0
 20
0.0
 30
1150.0
 11
-2980.734894464571
 21
0.0
 31
1150.0
  0
LINE
  5
A8
330
70
100
AcDbEntity
  8
MAZE #3 v1_Sketch1
100
AcDbLine
 10
-3300.0
 20
0.0
 30
750.0
 11
-3676.310724683411
 21
0.0
 31
750.0
  0
LINE
  5
A9
330
70
100
AcDbEntity
  8
MAZE #3 v1_Sketch1
100
AcDbLine
 10
-3343.682795617221
 20
0.0
 30
2606.457954768726
 11
-3300.0
 21
0.0
 31
2606.457954768726
  0
LINE
  5
AA
330
70
100
AcDbEntity
  8
MAZE #3 v1_Sketch1
100
AcDbLine
 10
-3343.682795617221
 20
0.0
 30
2606.457954768726
 11
-2934.957681706578
 21
0.0
 31
2606.457954768726
  0
LINE
  5
AB
330
70
100
AcDbEntity
  8
MAZE #3 v1_Sketch1
100
AcDbLine
 10
-3350.0
 20
0.0
 30
1100.0
 11
-3350.0
 21
0.0
 31
1150.0
  0
LINE
  5
AC
330
70
100
AcDbEntity
  8
MAZE #3 v1_Sketch1
100
AcDbLine
 10
-3714.953826362235
 20
0.0
 30
400.0
 11
-3714.953826362235
 21
0.0
 31
364.2662935120137
  0
LINE
  5
AD
330
70
100
AcDbEntity
  8
MAZE #3 v1_Sketch1
100
AcDbLine
 10
-3676.310724683411
 20
0.0
 30
1448.948432173786
 11
-3300.0
 21
0.0
 31
1448.948432173786
  0
LINE
  5
AE
330
70
100
AcDbEntity
  8
MAZE #3 v1_Sketch1
100
AcDbLine
 10
-2980.734894464571
 20
0.0
 30
1100.0
 11
-3350.0
 21
0.0
 31
1100.0
  0
LINE
  5
AF
330
70
100
AcDbEntity
  8
MAZE #3 v1_Sketch1
100
AcDbLine
 10
-3676.310724683411
 20
0.0
 30
2935.841618681052
 11
-2934.957681706578
 21
0.0
 31
2935.841618681052
  0
LINE
  5
B0
330
70
100
AcDbEntity
  8
MAZE #3 v1_Sketch1
100
AcDbLine
 10
-2972.815987269844
 20
0.0
 30
-2949.143338930173
 11
-3660.897521734589
 21
0.0
 31
-2949.143338930173
  0
LINE
  5
B1
330
70
100
AcDbEntity
  8
MAZE #3 v1_Sketch1
100
AcDbLine
 10
-3714.953826362235
 20
0.0
 30
2991.310507419758
 11
-3714.953826362235
 21
0.0
 31
2935.841618681052
  0
LINE
  5
B2
330
70
100
AcDbEntity
  8
MAZE #3 v1_Sketch1
100
AcDbLine
 10
-2972.815987269844
 20
0.0
 30
-2949.143338930173
 11
-2972.815987269844
 21
0.0
 31
-2563.502493413458
  0
LINE
  5
B3
330
70
100
AcDbEntity
  8
MAZE #3 v1_Sketch1
100
AcDbLine
 10
-2972.815987269844
 20
0.0
 30
-3300.0
 11
-2972.815987269844
 21
0.0
 31
-3000.0
  0
LINE
  5
B4
330
70
100
AcDbEntity
  8
MAZE #3 v1_Sketch1
100
AcDbLine
 10
-2950.0
 20
0.0
 30
364.2662935120137
 11
-2950.0
 21
0.0
 31
400.0
  0
LINE
  5
B5
330
70
100
AcDbEntity
  8
MAZE #3 v1_Sketch1
100
AcDbLine
 10
-3714.953826362235
 20
0.0
 30
3714.325954437793
 11
-3714.953826362235
 21
0.0
 31
3672.710306475983
  0
LINE
  5
B6
330
70
100
AcDbEntity
  8
MAZE #3 v1_Sketch1
100
AcDbLine
 10
-2950.0
 20
0.0
 30
1150.0
 11
-2950.0
 21
0.0
 31
1100.0
  0
LINE
  5
B7
330
70
100
AcDbEntity
  8
MAZE #3 v1_Sketch1
100
AcDbLine
 10
-3343.682795617221
 20
0.0
 30
2570.49014474459
 11
-3343.682795617221
 21
0.0
 31
2606.457954768726
  0
LINE
  5
B8
330
70
100
AcDbEntity
  8
MAZE #3 v1_Sketch1
100
AcDbLine
 10
-2980.734894464571
 20
0.0
 30
2231.025359227533
 11
-2950.0
 21
0.0
 31
2231.025359227533
  0
LINE
  5
B9
330
70
100
AcDbEntity
  8
MAZE #3 v1_Sketch1
100
AcDbLine
 10
-2934.957681706578
 20
0.0
 30
2991.310507419758
 11
-3676.310724683411
 21
0.0
 31
2991.310507419758
  0
LINE
  5
BA
330
70
100
AcDbEntity
  8
MAZE #3 v1_Sketch1
100
AcDbLine
 10
-3660.897521734589
 20
0.0
 30
-3000.0
 11
-2972.815987269844
 21
0.0
 31
-3000.0
  0
LINE
  5
BB
330
70
100
AcDbEntity
  8
MAZE #3 v1_Sketch1
100
AcDbLine
 10
-2934.957681706578
 20
0.0
 30
-3000.0
 11
-2934.957681706578
 21
0.0
 31
-2949.143338930173
  0
LINE
  5
BC
330
70
100
AcDbEntity
  8
MAZE #3 v1_Sketch1
100
AcDbLine
 10
-2934.957681706578
 20
0.0
 30
2570.49014474459
 11
-3300.0
 21
0.0
 31
2570.49014474459
  0
LINE
  5
BD
330
70
100
AcDbEntity
  8
MAZE #3 v1_Sketch1
100
AcDbLine
 10
-3350.0
 20
0.0
 30
-3347.991062718008
 11
-3350.0
 21
0.0
 31
-3300.0
  0
LINE
  5
BE
330
70
100
AcDbEntity
  8
MAZE #3 v1_Sketch1
100
AcDbLine
 10
-2550.0
 20
0.0
 30
-3347.991062718008
 11
-2550.0
 21
0.0
 31
-3300.0
  0
LINE
  5
BF
330
70
100
AcDbEntity
  8
MAZE #3 v1_Sketch1
100
AcDbLine
 10
-2934.957681706578
 20
0.0
 30
2935.841618681052
 11
-2934.957681706578
 21
0.0
 31
2991.310507419758
  0
LINE
  5
C0
330
70
100
AcDbEntity
  8
MAZE #3 v1_Sketch1
100
AcDbLine
 10
-2972.815987269844
 20
0.0
 30
-2563.502493413458
 11
-2934.957681706578
 21
0.0
 31
-2563.502493413458
  0
LINE
  5
C1
330
70
100
AcDbEntity
  8
MAZE #3 v1_Sketch1
100
AcDbLine
 10
3725.329519952961
 20
0.0
 30
3672.710306475983
 11
3725.329519952961
 21
0.0
 31
3714.325954437793
  0
LINE
  5
C2
330
70
100
AcDbEntity
  8
MAZE #3 v1_Sketch1
100
AcDbLine
 10
-3300.0
 20
0.0
 30
1448.948432173786
 11
-3343.682795617221
 21
0.0
 31
1448.948432173786
  0
LINE
  5
C3
330
70
100
AcDbEntity
  8
MAZE #3 v1_Sketch1
100
AcDbLine
 10
-2934.957681706578
 20
0.0
 30
-3347.991062718008
 11
-3350.0
 21
0.0
 31
-3347.991062718008
  0
LINE
  5
C4
330
70
100
AcDbEntity
  8
MAZE #3 v1_Sketch1
100
AcDbLine
 10
-2934.957681706578
 20
0.0
 30
-2563.502493413458
 11
-2934.957681706578
 21
0.0
 31
-3000.0
  0
LINE
  5
C5
330
70
100
AcDbEntity
  8
MAZE #3 v1_Sketch1
100
AcDbLine
 10
-3343.682795617221
 20
0.0
 30
1500.0
 11
-3343.682795617221
 21
0.0
 31
2606.457954768726
  0
LINE
  5
C6
330
70
100
AcDbEntity
  8
MAZE #3 v1_Sketch1
100
AcDbLine
 10
-3300.0
 20
0.0
 30
2570.49014474459
 11
-3300.0
 21
0.0
 31
1448.948432173786
  0
LINE
  5
C7
330
70
100
AcDbEntity
  8
MAZE #3 v1_Sketch1
100
AcDbLine
 10
-2934.957681706578
 20
0.0
 30
2606.457954768726
 11
-2934.957681706578
 21
0.0
 31
2570.49014474459
  0
LINE
  5
C8
330
70
100
AcDbEntity
  8
MAZE #3 v1_Sketch1
100
AcDbLine
 10
-3714.953826362235
 20
0.0
 30
1500.0
 11
-3714.953826362235
 21
0.0
 31
1448.948432173786
  0
LINE
  5
C9
330
70
100
AcDbEntity
  8
MAZE #3 v1_Sketch1
100
AcDbLine
 10
3725.329519952961
 20
0.0
 30
3714.325954437793
 11
-3714.953826362235
 21
0.0
 31
3714.325954437793
  0
LINE
  5
CA
330
70
100
AcDbEntity
  8
MAZE #3 v1_Sketch1
100
AcDbLine
 10
-3300.0
 20
0.0
 30
720.9718474703934
 11
-3300.0
 21
0.0
 31
750.0
  0
LINE
  5
CB
330
70
100
AcDbEntity
  8
MAZE #3 v1_Sketch1
100
AcDbLine
 10
-3343.682795617221
 20
0.0
 30
1500.0
 11
-3676.310724683411
 21
0.0
 31
1500.0
  0
LINE
  5
CC
330
70
100
AcDbEntity
  8
MAZE #3 v1_Sketch1
100
AcDbLine
 10
-2934.957681706578
 20
0.0
 30
-2949.143338930173
 11
-2934.957681706578
 21
0.0
 31
-3300.0
  0
LINE
  5
CD
330
70
100
AcDbEntity
  8
MAZE #3 v1_Sketch1
100
AcDbLine
 10
-2934.957681706578
 20
0.0
 30
-3347.991062718008
 11
-2972.815987269844
 21
0.0
 31
-3347.991062718008
  0
LINE
  5
CE
330
70
100
AcDbEntity
  8
MAZE #3 v1_Sketch1
100
AcDbLine
 10
-1826.458953336596
 20
0.0
 30
-3670.800144181985
 11
-1826.458953336596
 21
0.0
 31
-3300.0
  0
LINE
  5
CF
330
70
100
AcDbEntity
  8
MAZE #3 v1_Sketch1
100
AcDbLine
 10
-2950.0
 20
0.0
 30
364.2662935120137
 11
-2980.734894464571
 21
0.0
 31
364.2662935120137
  0
LINE
  5
D0
330
70
100
AcDbEntity
  8
MAZE #3 v1_Sketch1
100
AcDbLine
 10
-1860.796836841508
 20
0.0
 30
-3350.0
 11
-1860.796836841508
 21
0.0
 31
-3670.800144181985
  0
LINE
  5
D1
330
70
100
AcDbEntity
  8
MAZE #3 v1_Sketch1
100
AcDbLine
 10
-3714.953826362235
 20
0.0
 30
750.0
 11
-3714.953826362235
 21
0.0
 31
720.9718474703934
  0
LINE
  5
D2
330
70
100
AcDbEntity
  8
MAZE #3 v1_Sketch1
100
AcDbLine
 10
-3714.953826362235
 20
0.0
 30
3714.325954437793
 11
-3676.310724683411
 21
0.0
 31
3714.325954437793
  0
LINE
  5
D3
330
70
100
AcDbEntity
  8
MAZE #3 v1_Sketch1
100
AcDbLine
 10
-3350.0
 20
0.0
 30
-3300.0
 11
-2972.815987269844
 21
0.0
 31
-3300.0
  0
LINE
  5
D4
330
70
100
AcDbEntity
  8
MAZE #3 v1_Sketch1
100
AcDbLine
 10
-1860.796836841508
 20
0.0
 30
-3716.305790983261
 11
-1826.458953336596
 21
0.0
 31
-3716.305790983261
  0
LINE
  5
D5
330
70
100
AcDbEntity
  8
MAZE #3 v1_Sketch1
100
AcDbLine
 10
-1826.458953336596
 20
0.0
 30
-3300.0
 11
-2250.0
 21
0.0
 31
-3300.0
  0
LINE
  5
D6
330
70
100
AcDbEntity
  8
MAZE #3 v1_Sketch1
100
AcDbLine
 10
-3300.0
 20
0.0
 30
1448.948432173786
 11
-3300.0
 21
0.0
 31
1500.0
  0
LINE
  5
D7
330
70
100
AcDbEntity
  8
MAZE #3 v1_Sketch1
100
AcDbLine
 10
-2250.0
 20
0.0
 30
-3300.0
 11
-2250.0
 21
0.0
 31
-3350.0
  0
LINE
  5
D8
330
70
100
AcDbEntity
  8
MAZE #3 v1_Sketch1
100
AcDbLine
 10
-2250.0
 20
0.0
 30
-3350.0
 11
-1860.796836841508
 21
0.0
 31
-3350.0
  0
LINE
  5
D9
330
70
100
AcDbEntity
  8
MAZE #3 v1_Sketch1
100
AcDbLine
 10
2975.561986042765
 20
0.0
 30
-2975.55709547241
 11
2975.561986042765
 21
0.0
 31
-2608.405879535267
  0
LINE
  5
DA
330
70
100
AcDbEntity
  8
MAZE #3 v1_Sketch1
100
AcDbLine
 10
-389.5505974387004
 20
0.0
 30
-2550.0
 11
-389.5505974387004
 21
0.0
 31
-3670.800144181985
  0
LINE
  5
DB
330
70
100
AcDbEntity
  8
MAZE #3 v1_Sketch1
100
AcDbLine
 10
714.5444260269607
 20
0.0
 30
-3300.0
 11
714.5444260269607
 21
0.0
 31
-3670.800144181985
  0
LINE
  5
DC
330
70
100
AcDbEntity
  8
MAZE #3 v1_Sketch1
100
AcDbLine
 10
2975.561986042765
 20
0.0
 30
-2550.0
 11
3685.695569513141
 21
0.0
 31
-2550.0
  0
LINE
  5
DD
330
70
100
AcDbEntity
  8
MAZE #3 v1_Sketch1
100
AcDbLine
 10
2950.0
 20
0.0
 30
-2975.55709547241
 11
2975.561986042765
 21
0.0
 31
-2975.55709547241
  0
LINE
  5
DE
330
70
100
AcDbEntity
  8
MAZE #3 v1_Sketch1
100
AcDbLine
 10
1870.251223472308
 20
0.0
 30
-3352.697211758363
 11
1839.239841185701
 21
0.0
 31
-3352.697211758363
  0
LINE
  5
DF
330
70
100
AcDbEntity
  8
MAZE #3 v1_Sketch1
100
AcDbLine
 10
3355.978356657953
 20
0.0
 30
-3352.697211758363
 11
3355.978356657953
 21
0.0
 31
-3293.493663756658
  0
LINE
  5
E0
330
70
100
AcDbEntity
  8
MAZE #3 v1_Sketch1
100
AcDbLine
 10
3725.329519952961
 20
0.0
 30
-2550.0
 11
3725.329519952961
 21
0.0
 31
-2608.405879535267
  0
LINE
  5
E1
330
70
100
AcDbEntity
  8
MAZE #3 v1_Sketch1
100
AcDbLine
 10
2950.0
 20
0.0
 30
-2201.63402878476
 11
2950.0
 21
0.0
 31
-2608.405879535268
  0
LINE
  5
E2
330
70
100
AcDbEntity
  8
MAZE #3 v1_Sketch1
100
AcDbLine
 10
-389.5505974387004
 20
0.0
 30
-3716.305790983261
 11
-350.0
 21
0.0
 31
-3716.305790983261
  0
LINE
  5
E3
330
70
100
AcDbEntity
  8
MAZE #3 v1_Sketch1
100
AcDbLine
 10
3355.978356657953
 20
0.0
 30
-2926.99550946039
 11
3355.978356657953
 21
0.0
 31
-3352.697211758363
  0
LINE
  5
E4
330
70
100
AcDbEntity
  8
MAZE #3 v1_Sketch1
100
AcDbLine
 10
2975.561986042765
 20
0.0
 30
-2975.55709547241
 11
1870.251223472308
 21
0.0
 31
-2975.55709547241
  0
LINE
  5
E5
330
70
100
AcDbEntity
  8
MAZE #3 v1_Sketch1
100
AcDbLine
 10
2975.561986042765
 20
0.0
 30
-2201.63402878476
 11
2950.0
 21
0.0
 31
-2201.63402878476
  0
LINE
  5
E6
330
70
100
AcDbEntity
  8
MAZE #3 v1_Sketch1
100
AcDbLine
 10
395.8009565727039
 20
0.0
 30
-2983.379840890585
 11
1100.605099450144
 21
0.0
 31
-2983.379840890585
  0
LINE
  5
E7
330
70
100
AcDbEntity
  8
MAZE #3 v1_Sketch1
100
AcDbLine
 10
350.6934914285475
 20
0.0
 30
-2926.99550946039
 11
395.8009565727039
 21
0.0
 31
-2926.99550946039
  0
LINE
  5
E8
330
70
100
AcDbEntity
  8
MAZE #3 v1_Sketch1
100
AcDbLine
 10
1839.239841185701
 20
0.0
 30
-3293.493663756658
 11
1137.254914879771
 21
0.0
 31
-3293.493663756658
  0
LINE
  5
E9
330
70
100
AcDbEntity
  8
MAZE #3 v1_Sketch1
100
AcDbLine
 10
395.8009565727039
 20
0.0
 30
-2983.379840890585
 11
395.8009565727039
 21
0.0
 31
-3352.697211758363
  0
LINE
  5
EA
330
70
100
AcDbEntity
  8
MAZE #3 v1_Sketch1
100
AcDbLine
 10
750.0
 20
0.0
 30
-3670.800144181985
 11
750.0
 21
0.0
 31
-3300.0
  0
LINE
  5
EB
330
70
100
AcDbEntity
  8
MAZE #3 v1_Sketch1
100
AcDbLine
 10
0.0
 20
0.0
 30
-3300.0
 11
350.6934914285475
 21
0.0
 31
-3300.0
  0
LINE
  5
EC
330
70
100
AcDbEntity
  8
MAZE #3 v1_Sketch1
100
AcDbLine
 10
743.9742031541593
 20
0.0
 30
-2193.999200867851
 11
708.7339960102872
 21
0.0
 31
-2193.999200867851
  0
LINE
  5
ED
330
70
100
AcDbEntity
  8
MAZE #3 v1_Sketch1
100
AcDbLine
 10
1100.605099450144
 20
0.0
 30
-3352.697211758363
 11
1870.251223472309
 21
0.0
 31
-3352.697211758363
  0
LINE
  5
EE
330
70
100
AcDbEntity
  8
MAZE #3 v1_Sketch1
100
AcDbLine
 10
708.7339960102872
 20
0.0
 30
-2193.999200867851
 11
1140.074131451281
 21
0.0
 31
-2193.999200867851
  0
LINE
  5
EF
330
70
100
AcDbEntity
  8
MAZE #3 v1_Sketch1
100
AcDbLine
 10
3310.870891513797
 20
0.0
 30
-3293.493663756658
 11
1870.251223472308
 21
0.0
 31
-3293.493663756658
  0
LINE
  5
F0
330
70
100
AcDbEntity
  8
MAZE #3 v1_Sketch1
100
AcDbLine
 10
1100.605099450144
 20
0.0
 30
-3293.493663756658
 11
1100.605099450144
 21
0.0
 31
-3352.697211758363
  0
LINE
  5
F1
330
70
100
AcDbEntity
  8
MAZE #3 v1_Sketch1
100
AcDbLine
 10
1839.239841185701
 20
0.0
 30
-2932.633942603409
 11
1870.251223472308
 21
0.0
 31
-2932.633942603409
  0
LINE
  5
F2
330
70
100
AcDbEntity
  8
MAZE #3 v1_Sketch1
100
AcDbLine
 10
3355.978356657953
 20
0.0
 30
-3352.697211758363
 11
3310.870891513797
 21
0.0
 31
-3352.697211758363
  0
LINE
  5
F3
330
70
100
AcDbEntity
  8
MAZE #3 v1_Sketch1
100
AcDbLine
 10
395.8009565727039
 20
0.0
 30
-3352.697211758363
 11
0.0
 21
0.0
 31
-3352.697211758363
  0
LINE
  5
F4
330
70
100
AcDbEntity
  8
MAZE #3 v1_Sketch1
100
AcDbLine
 10
0.0
 20
0.0
 30
-3352.697211758363
 11
0.0
 21
0.0
 31
-3300.0
  0
LINE
  5
F5
330
70
100
AcDbEntity
  8
MAZE #3 v1_Sketch1
100
AcDbLine
 10
-1121.211653658768
 20
0.0
 30
-3300.0
 11
-1121.211653658768
 21
0.0
 31
-3670.800144181985
  0
LINE
  5
F6
330
70
100
AcDbEntity
  8
MAZE #3 v1_Sketch1
100
AcDbLine
 10
3685.695569513141
 20
0.0
 30
-2608.405879535267
 11
2975.561986042765
 21
0.0
 31
-2608.405879535267
  0
LINE
  5
F7
330
70
100
AcDbEntity
  8
MAZE #3 v1_Sketch1
100
AcDbLine
 10
743.9742031541593
 20
0.0
 30
-2926.99550946039
 11
743.9742031541593
 21
0.0
 31
-2236.287449440498
  0
LINE
  5
F8
330
70
100
AcDbEntity
  8
MAZE #3 v1_Sketch1
100
AcDbLine
 10
750.0
 20
0.0
 30
-3300.0
 11
714.5444260269607
 21
0.0
 31
-3300.0
  0
LINE
  5
F9
330
70
100
AcDbEntity
  8
MAZE #3 v1_Sketch1
100
AcDbLine
 10
2975.561986042765
 20
0.0
 30
-2932.633942603409
 11
2975.561986042765
 21
0.0
 31
-2975.55709547241
  0
LINE
  5
FA
330
70
100
AcDbEntity
  8
MAZE #3 v1_Sketch1
100
AcDbLine
 10
395.8009565727039
 20
0.0
 30
-3300.0
 11
395.8009565727039
 21
0.0
 31
-3352.697211758363
  0
LINE
  5
FB
330
70
100
AcDbEntity
  8
MAZE #3 v1_Sketch1
100
AcDbLine
 10
708.7339960102872
 20
0.0
 30
-2193.999200867851
 11
708.7339960102872
 21
0.0
 31
-2926.99550946039
  0
LINE
  5
FC
330
70
100
AcDbEntity
  8
MAZE #3 v1_Sketch1
100
AcDbLine
 10
1137.254914879771
 20
0.0
 30
-2926.99550946039
 11
1100.605099450144
 21
0.0
 31
-2926.99550946039
  0
LINE
  5
FD
330
70
100
AcDbEntity
  8
MAZE #3 v1_Sketch1
100
AcDbLine
 10
1137.254914879771
 20
0.0
 30
-2983.379840890585
 11
1137.254914879771
 21
0.0
 31
-2926.99550946039
  0
LINE
  5
FE
330
70
100
AcDbEntity
  8
MAZE #3 v1_Sketch1
100
AcDbLine
 10
-1081.591018845407
 20
0.0
 30
-3300.0
 11
-1121.211653658768
 21
0.0
 31
-3300.0
  0
LINE
  5
FF
330
70
100
AcDbEntity
  8
MAZE #3 v1_Sketch1
100
AcDbLine
 10
-350.0
 20
0.0
 30
-2550.0
 11
-389.5505974387004
 21
0.0
 31
-2550.0
  0
LINE
  5
100
330
70
100
AcDbEntity
  8
MAZE #3 v1_Sketch1
100
AcDbLine
 10
1839.239841185701
 20
0.0
 30
-2975.55709547241
 11
1839.239841185701
 21
0.0
 31
-2932.633942603408
  0
LINE
  5
101
330
70
100
AcDbEntity
  8
MAZE #3 v1_Sketch1
100
AcDbLine
 10
2950.0
 20
0.0
 30
-2608.405879535267
 11
2950.0
 21
0.0
 31
-2550.0
  0
LINE
  5
102
330
70
100
AcDbEntity
  8
MAZE #3 v1_Sketch1
100
AcDbLine
 10
1100.605099450144
 20
0.0
 30
-3352.697211758363
 11
1137.254914879771
 21
0.0
 31
-3352.697211758363
  0
LINE
  5
103
330
70
100
AcDbEntity
  8
MAZE #3 v1_Sketch1
100
AcDbLine
 10
3310.870891513797
 20
0.0
 30
-3293.493663756658
 11
3310.870891513797
 21
0.0
 31
-2926.99550946039
  0
LINE
  5
104
330
70
100
AcDbEntity
  8
MAZE #3 v1_Sketch1
100
AcDbLine
 10
350.6934914285475
 20
0.0
 30
-3300.0
 11
350.6934914285475
 21
0.0
 31
-2926.99550946039
  0
LINE
  5
105
330
70
100
AcDbEntity
  8
MAZE #3 v1_Sketch1
100
AcDbLine
 10
1140.074131451281
 20
0.0
 30
-2193.999200867851
 11
1140.074131451281
 21
0.0
 31
-2236.287449440498
  0
LINE
  5
106
330
70
100
AcDbEntity
  8
MAZE #3 v1_Sketch1
100
AcDbLine
 10
714.5444260269607
 20
0.0
 30
-3716.305790983261
 11
750.0
 21
0.0
 31
-3716.305790983261
  0
LINE
  5
107
330
70
100
AcDbEntity
  8
MAZE #3 v1_Sketch1
100
AcDbLine
 10
-1081.591018845407
 20
0.0
 30
-3670.800144181985
 11
-1081.591018845407
 21
0.0
 31
-3300.0
  0
LINE
  5
108
330
70
100
AcDbEntity
  8
MAZE #3 v1_Sketch1
100
AcDbLine
 10
2975.561986042765
 20
0.0
 30
-2550.0
 11
2975.561986042765
 21
0.0
 31
-2201.63402878476
  0
LINE
  5
109
330
70
100
AcDbEntity
  8
MAZE #3 v1_Sketch1
100
AcDbLine
 10
1870.251223472308
 20
0.0
 30
-2975.55709547241
 11
1870.251223472308
 21
0.0
 31
-3293.493663756658
  0
LINE
  5
10A
330
70
100
AcDbEntity
  8
MAZE #3 v1_Sketch1
100
AcDbLine
 10
2950.0
 20
0.0
 30
-2550.0
 11
2950.0
 21
0.0
 31
-2932.633942603409
  0
LINE
  5
10B
330
70
100
AcDbEntity
  8
MAZE #3 v1_Sketch1
100
AcDbLine
 10
3310.870891513797
 20
0.0
 30
-2926.99550946039
 11
3355.978356657953
 21
0.0
 31
-2926.99550946039
  0
LINE
  5
10C
330
70
100
AcDbEntity
  8
MAZE #3 v1_Sketch1
100
AcDbLine
 10
1137.254914879771
 20
0.0
 30
-3293.493663756658
 11
1137.254914879771
 21
0.0
 31
-2926.99550946039
  0
LINE
  5
10D
330
70
100
AcDbEntity
  8
MAZE #3 v1_Sketch1
100
AcDbLine
 10
-350.0
 20
0.0
 30
-3670.800144181985
 11
-350.0
 21
0.0
 31
-2550.0
  0
LINE
  5
10E
330
70
100
AcDbEntity
  8
MAZE #3 v1_Sketch1
100
AcDbLine
 10
1839.239841185701
 20
0.0
 30
-3352.697211758363
 11
3355.978356657953
 21
0.0
 31
-3352.697211758363
  0
LINE
  5
10F
330
70
100
AcDbEntity
  8
MAZE #3 v1_Sketch1
100
AcDbLine
 10
350.6934914285475
 20
0.0
 30
-2926.99550946039
 11
350.6934914285475
 21
0.0
 31
-2983.379840890585
  0
LINE
  5
110
330
70
100
AcDbEntity
  8
MAZE #3 v1_Sketch1
100
AcDbLine
 10
708.7339960102872
 20
0.0
 30
-2236.287449440498
 11
708.7339960102872
 21
0.0
 31
-2193.999200867851
  0
LINE
  5
111
330
70
100
AcDbEntity
  8
MAZE #3 v1_Sketch1
100
AcDbLine
 10
1100.605099450144
 20
0.0
 30
-2983.379840890585
 11
1100.605099450144
 21
0.0
 31
-3352.697211758363
  0
LINE
  5
112
330
70
100
AcDbEntity
  8
MAZE #3 v1_Sketch1
100
AcDbLine
 10
2572.236149778239
 20
0.0
 30
-2975.55709547241
 11
2617.343614922395
 21
0.0
 31
-2975.55709547241
  0
LINE
  5
113
330
70
100
AcDbEntity
  8
MAZE #3 v1_Sketch1
100
AcDbLine
 10
395.8009565727039
 20
0.0
 30
-3352.697211758363
 11
350.6934914285475
 21
0.0
 31
-3352.697211758363
  0
LINE
  5
114
330
70
100
AcDbEntity
  8
MAZE #3 v1_Sketch1
100
AcDbLine
 10
708.7339960102872
 20
0.0
 30
-2983.379840890585
 11
743.9742031541593
 21
0.0
 31
-2983.379840890585
  0
LINE
  5
115
330
70
100
AcDbEntity
  8
MAZE #3 v1_Sketch1
100
AcDbLine
 10
2617.343614922395
 20
0.0
 30
-2932.633942603409
 11
2617.343614922395
 21
0.0
 31
-2193.999200867851
  0
LINE
  5
116
330
70
100
AcDbEntity
  8
MAZE #3 v1_Sketch1
100
AcDbLine
 10
2617.343614922395
 20
0.0
 30
-2193.999200867851
 11
2572.236149778239
 21
0.0
 31
-2193.999200867851
  0
LINE
  5
117
330
70
100
AcDbEntity
  8
MAZE #3 v1_Sketch1
100
AcDbLine
 10
1140.074131451281
 20
0.0
 30
-2236.287449440498
 11
743.9742031541593
 21
0.0
 31
-2236.287449440498
  0
LINE
  5
118
330
70
100
AcDbEntity
  8
MAZE #3 v1_Sketch1
100
AcDbLine
 10
1839.239841185701
 20
0.0
 30
-3293.493663756658
 11
1839.239841185701
 21
0.0
 31
-2932.633942603409
  0
LINE
  5
119
330
70
100
AcDbEntity
  8
MAZE #3 v1_Sketch1
100
AcDbLine
 10
3313.690108085307
 20
0.0
 30
-1866.970078572717
 11
3310.870891513797
 21
0.0
 31
-1866.970078572717
  0
LINE
  5
11A
330
70
100
AcDbEntity
  8
MAZE #3 v1_Sketch1
100
AcDbLine
 10
2569.41693320673
 20
0.0
 30
-1086.047088264514
 11
2620.162831493905
 21
0.0
 31
-1086.047088264514
  0
LINE
  5
11B
330
70
100
AcDbEntity
  8
MAZE #3 v1_Sketch1
100
AcDbLine
 10
2572.236149778239
 20
0.0
 30
-2193.999200867851
 11
2572.236149778239
 21
0.0
 31
-2932.633942603409
  0
LINE
  5
11C
330
70
100
AcDbEntity
  8
MAZE #3 v1_Sketch1
100
AcDbLine
 10
2935.915087502997
 20
0.0
 30
-1133.973769980182
 11
3685.695569513141
 21
0.0
 31
-1133.973769980182
  0
LINE
  5
11D
330
70
100
AcDbEntity
  8
MAZE #3 v1_Sketch1
100
AcDbLine
 10
2981.022552647154
 20
0.0
 30
27.54345748183908
 11
2981.022552647154
 21
0.0
 31
-26.02165737684643
  0
LINE
  5
11E
330
70
100
AcDbEntity
  8
MAZE #3 v1_Sketch1
100
AcDbLine
 10
2242.387810911596
 20
0.0
 30
-1133.973769980181
 11
1873.070440043818
 21
0.0
 31
-1133.973769980181
  0
LINE
  5
11F
330
70
100
AcDbEntity
  8
MAZE #3 v1_Sketch1
100
AcDbLine
 10
3310.870891513797
 20
0.0
 30
-1449.726025989272
 11
3370.074439515502
 21
0.0
 31
-1449.726025989272
  0
LINE
  5
120
330
70
100
AcDbEntity
  8
MAZE #3 v1_Sketch1
100
AcDbLine
 10
1458.645604031882
 20
0.0
 30
27.54345748183908
 11
1458.645604031882
 21
0.0
 31
-26.02165737684643
  0
LINE
  5
121
330
70
100
AcDbEntity
  8
MAZE #3 v1_Sketch1
100
AcDbLine
 10
2935.915087502997
 20
0.0
 30
-761.837182540894
 11
2935.915087502997
 21
0.0
 31
-1133.973769980182
  0
LINE
  5
122
330
70
100
AcDbEntity
  8
MAZE #3 v1_Sketch1
100
AcDbLine
 10
2569.41693320673
 20
0.0
 30
-1452.545242560783
 11
1873.070440043818
 21
0.0
 31
-1452.545242560783
  0
LINE
  5
123
330
70
100
AcDbEntity
  8
MAZE #3 v1_Sketch1
100
AcDbLine
 10
1873.070440043818
 20
0.0
 30
-1133.973769980181
 11
1873.070440043818
 21
0.0
 31
-1452.545242560783
  0
LINE
  5
124
330
70
100
AcDbEntity
  8
MAZE #3 v1_Sketch1
100
AcDbLine
 10
3000.0
 20
0.0
 30
-700.0
 11
2935.915087502997
 21
0.0
 31
-700.0
  0
LINE
  5
125
330
70
100
AcDbEntity
  8
MAZE #3 v1_Sketch1
100
AcDbLine
 10
3370.074439515502
 20
0.0
 30
-1449.726025989272
 11
3370.074439515502
 21
0.0
 31
-1866.970078572717
  0
LINE
  5
126
330
70
100
AcDbEntity
  8
MAZE #3 v1_Sketch1
100
AcDbLine
 10
1827.962974899661
 20
0.0
 30
-1080.408655121496
 11
1873.070440043818
 21
0.0
 31
-1080.408655121496
  0
LINE
  5
127
330
70
100
AcDbEntity
  8
MAZE #3 v1_Sketch1
100
AcDbLine
 10
3370.074439515502
 20
0.0
 30
-1449.726025989272
 11
2938.734304074509
 21
0.0
 31
-1449.726025989272
  0
LINE
  5
128
330
70
100
AcDbEntity
  8
MAZE #3 v1_Sketch1
100
AcDbLine
 10
3000.0
 20
0.0
 30
-761.837182540894
 11
3000.0
 21
0.0
 31
-700.0
  0
LINE
  5
129
330
70
100
AcDbEntity
  8
MAZE #3 v1_Sketch1
100
AcDbLine
 10
2569.41693320673
 20
0.0
 30
-1807.766530571012
 11
2569.41693320673
 21
0.0
 31
-1866.970078572717
  0
LINE
  5
12A
330
70
100
AcDbEntity
  8
MAZE #3 v1_Sketch1
100
AcDbLine
 10
2569.41693320673
 20
0.0
 30
-1497.652707704939
 11
2569.41693320673
 21
0.0
 31
-1866.970078572717
  0
LINE
  5
12B
330
70
100
AcDbEntity
  8
MAZE #3 v1_Sketch1
100
AcDbLine
 10
2938.734304074509
 20
0.0
 30
-1497.652707704938
 11
3310.870891513797
 21
0.0
 31
-1497.652707704938
  0
LINE
  5
12C
330
70
100
AcDbEntity
  8
MAZE #3 v1_Sketch1
100
AcDbLine
 10
3370.074439515502
 20
0.0
 30
-1497.652707704938
 11
3370.074439515502
 21
0.0
 31
-1449.726025989272
  0
LINE
  5
12D
330
70
100
AcDbEntity
  8
MAZE #3 v1_Sketch1
100
AcDbLine
 10
3313.690108085307
 20
0.0
 30
-1866.970078572717
 11
3313.690108085307
 21
0.0
 31
-2241.925882583515
  0
LINE
  5
12E
330
70
100
AcDbEntity
  8
MAZE #3 v1_Sketch1
100
AcDbLine
 10
2566.597716635218
 20
0.0
 30
-761.837182540894
 11
2597.230564597966
 21
0.0
 31
-761.837182540894
  0
LINE
  5
12F
330
70
100
AcDbEntity
  8
MAZE #3 v1_Sketch1
100
AcDbLine
 10
2597.230564597965
 20
0.0
 30
27.54345748183908
 11
2566.597716635218
 21
0.0
 31
27.54345748183908
  0
LINE
  5
130
330
70
100
AcDbEntity
  8
MAZE #3 v1_Sketch1
100
AcDbLine
 10
1873.070440043818
 20
0.0
 30
-1497.652707704939
 11
1827.962974899661
 21
0.0
 31
-1497.652707704939
  0
LINE
  5
131
330
70
100
AcDbEntity
  8
MAZE #3 v1_Sketch1
100
AcDbLine
 10
2620.162831493904
 20
0.0
 30
-1807.766530571012
 11
2620.162831493904
 21
0.0
 31
-1452.545242560783
  0
LINE
  5
132
330
70
100
AcDbEntity
  8
MAZE #3 v1_Sketch1
100
AcDbLine
 10
1827.962974899661
 20
0.0
 30
-386.8813785300961
 11
2194.46112919593
 21
0.0
 31
-386.8813785300961
  0
LINE
  5
133
330
70
100
AcDbEntity
  8
MAZE #3 v1_Sketch1
100
AcDbLine
 10
1458.645604031882
 20
0.0
 30
-26.02165737684643
 11
2566.597716635218
 21
0.0
 31
-26.02165737684643
  0
LINE
  5
134
330
70
100
AcDbEntity
  8
MAZE #3 v1_Sketch1
100
AcDbLine
 10
2935.915087502997
 20
0.0
 30
-1086.047088264516
 11
2935.915087502997
 21
0.0
 31
-1133.973769980182
  0
LINE
  5
135
330
70
100
AcDbEntity
  8
MAZE #3 v1_Sketch1
100
AcDbLine
 10
2242.387810911596
 20
0.0
 30
-761.837182540894
 11
2935.915087502997
 21
0.0
 31
-761.837182540894
  0
LINE
  5
136
330
70
100
AcDbEntity
  8
MAZE #3 v1_Sketch1
100
AcDbLine
 10
2597.230564597965
 20
0.0
 30
-700.0
 11
2597.230564597965
 21
0.0
 31
-26.02165737684641
  0
LINE
  5
137
330
70
100
AcDbEntity
  8
MAZE #3 v1_Sketch1
100
AcDbLine
 10
2566.597716635218
 20
0.0
 30
27.54345748183908
 11
1458.645604031882
 21
0.0
 31
27.54345748183908
  0
LINE
  5
138
330
70
100
AcDbEntity
  8
MAZE #3 v1_Sketch1
100
AcDbLine
 10
2981.022552647154
 20
0.0
 30
-26.02165737684643
 11
2597.230564597966
 21
0.0
 31
-26.02165737684643
  0
LINE
  5
139
330
70
100
AcDbEntity
  8
MAZE #3 v1_Sketch1
100
AcDbLine
 10
2242.387810911596
 20
0.0
 30
-700.0
 11
2242.387810911596
 21
0.0
 31
-350.2315631004691
  0
LINE
  5
13A
330
70
100
AcDbEntity
  8
MAZE #3 v1_Sketch1
100
AcDbLine
 10
2620.162831493904
 20
0.0
 30
-1497.652707704939
 11
2620.162831493904
 21
0.0
 31
-1452.545242560783
  0
LINE
  5
13B
330
70
100
AcDbEntity
  8
MAZE #3 v1_Sketch1
100
AcDbLine
 10
3685.695569513141
 20
0.0
 30
-1086.047088264516
 11
3000.0
 21
0.0
 31
-1086.047088264516
  0
LINE
  5
13C
330
70
100
AcDbEntity
  8
MAZE #3 v1_Sketch1
100
AcDbLine
 10
2935.915087502997
 20
0.0
 30
-1133.973769980182
 11
3000.0
 21
0.0
 31
-1133.973769980182
  0
LINE
  5
13D
330
70
100
AcDbEntity
  8
MAZE #3 v1_Sketch1
100
AcDbLine
 10
2194.46112919593
 20
0.0
 30
-1080.408655121496
 11
2194.46112919593
 21
0.0
 31
-700.0
  0
LINE
  5
13E
330
70
100
AcDbEntity
  8
MAZE #3 v1_Sketch1
100
AcDbLine
 10
1827.962974899661
 20
0.0
 30
-1497.652707704939
 11
2569.41693320673
 21
0.0
 31
-1497.652707704939
  0
LINE
  5
13F
330
70
100
AcDbEntity
  8
MAZE #3 v1_Sketch1
100
AcDbLine
 10
2569.41693320673
 20
0.0
 30
-1452.545242560783
 11
2569.41693320673
 21
0.0
 31
-1086.047088264514
  0
LINE
  5
140
330
70
100
AcDbEntity
  8
MAZE #3 v1_Sketch1
100
AcDbLine
 10
3370.074439515502
 20
0.0
 30
-1866.970078572717
 11
3370.074439515502
 21
0.0
 31
-1807.766530571012
  0
LINE
  5
141
330
70
100
AcDbEntity
  8
MAZE #3 v1_Sketch1
100
AcDbLine
 10
2242.387810911596
 20
0.0
 30
-350.2315631004691
 11
1827.962974899661
 21
0.0
 31
-350.2315631004691
  0
LINE
  5
142
330
70
100
AcDbEntity
  8
MAZE #3 v1_Sketch1
100
AcDbLine
 10
1827.962974899661
 20
0.0
 30
-350.2315631004691
 11
1827.962974899661
 21
0.0
 31
-386.8813785300961
  0
LINE
  5
143
330
70
100
AcDbEntity
  8
MAZE #3 v1_Sketch1
100
AcDbLine
 10
2569.41693320673
 20
0.0
 30
-1866.970078572717
 11
2620.162831493905
 21
0.0
 31
-1866.970078572717
  0
LINE
  5
144
330
70
100
AcDbEntity
  8
MAZE #3 v1_Sketch1
100
AcDbLine
 10
3000.0
 20
0.0
 30
-1086.047088264516
 11
3000.0
 21
0.0
 31
-700.0
  0
LINE
  5
145
330
70
100
AcDbEntity
  8
MAZE #3 v1_Sketch1
100
AcDbLine
 10
2242.387810911596
 20
0.0
 30
-350.2315631004691
 11
2194.46112919593
 21
0.0
 31
-350.2315631004691
  0
LINE
  5
146
330
70
100
AcDbEntity
  8
MAZE #3 v1_Sketch1
100
AcDbLine
 10
2242.387810911596
 20
0.0
 30
-386.8813785300961
 11
2242.387810911596
 21
0.0
 31
-350.2315631004691
  0
LINE
  5
147
330
70
100
AcDbEntity
  8
MAZE #3 v1_Sketch1
100
AcDbLine
 10
1827.962974899661
 20
0.0
 30
-1497.652707704939
 11
1827.962974899661
 21
0.0
 31
-1080.408655121496
  0
LINE
  5
148
330
70
100
AcDbEntity
  8
MAZE #3 v1_Sketch1
100
AcDbLine
 10
3725.329519952961
 20
0.0
 30
-1133.973769980182
 11
3725.329519952961
 21
0.0
 31
-1086.047088264516
  0
LINE
  5
149
330
70
100
AcDbEntity
  8
MAZE #3 v1_Sketch1
100
AcDbLine
 10
2242.387810911596
 20
0.0
 30
-1080.408655121496
 11
2242.387810911596
 21
0.0
 31
-1133.973769980181
  0
LINE
  5
14A
330
70
100
AcDbEntity
  8
MAZE #3 v1_Sketch1
100
AcDbLine
 10
2194.46112919593
 20
0.0
 30
-700.0
 11
2194.46112919593
 21
0.0
 31
-761.837182540894
  0
LINE
  5
14B
330
70
100
AcDbEntity
  8
MAZE #3 v1_Sketch1
100
AcDbLine
 10
1827.962974899661
 20
0.0
 30
-1133.973769980181
 11
1827.962974899661
 21
0.0
 31
-1080.408655121496
  0
LINE
  5
14C
330
70
100
AcDbEntity
  8
MAZE #3 v1_Sketch1
100
AcDbLine
 10
2620.162831493904
 20
0.0
 30
-1086.047088264514
 11
2620.162831493904
 21
0.0
 31
-1497.652707704939
  0
LINE
  5
14D
330
70
100
AcDbEntity
  8
MAZE #3 v1_Sketch1
100
AcDbLine
 10
1827.962974899661
 20
0.0
 30
-1452.545242560783
 11
1827.962974899661
 21
0.0
 31
-1497.652707704939
  0
LINE
  5
14E
330
70
100
AcDbEntity
  8
MAZE #3 v1_Sketch1
100
AcDbLine
 10
2566.597716635218
 20
0.0
 30
-26.02165737684643
 11
2566.597716635218
 21
0.0
 31
-700.0
  0
LINE
  5
14F
330
70
100
AcDbEntity
  8
MAZE #3 v1_Sketch1
100
AcDbLine
 10
3310.870891513797
 20
0.0
 30
-1807.766530571012
 11
3310.870891513797
 21
0.0
 31
-1497.652707704938
  0
LINE
  5
150
330
70
100
AcDbEntity
  8
MAZE #3 v1_Sketch1
100
AcDbLine
 10
2938.734304074509
 20
0.0
 30
-1449.726025989272
 11
2938.734304074509
 21
0.0
 31
-1497.652707704938
  0
LINE
  5
151
330
70
100
AcDbEntity
  8
MAZE #3 v1_Sketch1
100
AcDbLine
 10
3313.690108085307
 20
0.0
 30
-2241.925882583515
 11
3370.074439515502
 21
0.0
 31
-2241.925882583515
  0
LINE
  5
152
330
70
100
AcDbEntity
  8
MAZE #3 v1_Sketch1
100
AcDbLine
 10
1827.962974899661
 20
0.0
 30
-1080.408655121496
 11
2194.46112919593
 21
0.0
 31
-1080.408655121496
  0
LINE
  5
153
330
70
100
AcDbEntity
  8
MAZE #3 v1_Sketch1
100
AcDbLine
 10
2566.597716635218
 20
0.0
 30
27.54345748183908
 11
2981.022552647154
 21
0.0
 31
27.54345748183908
  0
LINE
  5
154
330
70
100
AcDbEntity
  8
MAZE #3 v1_Sketch1
100
AcDbLine
 10
2242.387810911596
 20
0.0
 30
-1133.973769980181
 11
2194.46112919593
 21
0.0
 31
-1133.973769980181
  0
LINE
  5
155
330
70
100
AcDbEntity
  8
MAZE #3 v1_Sketch1
100
AcDbLine
 10
2569.41693320673
 20
0.0
 30
-1866.970078572717
 11
3313.690108085308
 21
0.0
 31
-1866.970078572717
  0
LINE
  5
156
330
70
100
AcDbEntity
  8
MAZE #3 v1_Sketch1
100
AcDbLine
 10
2242.387810911596
 20
0.0
 30
-761.837182540894
 11
2242.387810911596
 21
0.0
 31
-1133.973769980181
  0
LINE
  5
157
330
70
100
AcDbEntity
  8
MAZE #3 v1_Sketch1
100
AcDbLine
 10
2194.46112919593
 20
0.0
 30
-386.8813785300961
 11
2194.46112919593
 21
0.0
 31
-761.837182540894
  0
LINE
  5
158
330
70
100
AcDbEntity
  8
MAZE #3 v1_Sketch1
100
AcDbLine
 10
3310.870891513797
 20
0.0
 30
-1807.766530571012
 11
2620.162831493904
 21
0.0
 31
-1807.766530571012
  0
LINE
  5
159
330
70
100
AcDbEntity
  8
MAZE #3 v1_Sketch1
100
AcDbLine
 10
3313.690108085307
 20
0.0
 30
2181.4249181153
 11
3358.797573229464
 21
0.0
 31
2181.4249181153
  0
LINE
  5
15A
330
70
100
AcDbEntity
  8
MAZE #3 v1_Sketch1
100
AcDbLine
 10
1092.147449735615
 20
0.0
 30
2931.336526136895
 11
1092.147449735615
 21
0.0
 31
2567.657588412135
  0
LINE
  5
15B
330
70
100
AcDbEntity
  8
MAZE #3 v1_Sketch1
100
AcDbLine
 10
2938.73430407451
 20
0.0
 30
2181.4249181153
 11
2938.73430407451
 21
0.0
 31
2234.990032973985
  0
LINE
  5
15C
330
70
100
AcDbEntity
  8
MAZE #3 v1_Sketch1
100
AcDbLine
 10
1461.464820603394
 20
0.0
 30
2249.086115831532
 11
1461.464820603394
 21
0.0
 31
3300.0
  0
LINE
  5
15D
330
70
100
AcDbEntity
  8
MAZE #3 v1_Sketch1
100
AcDbLine
 10
773.5759771550122
 20
0.0
 30
1820.565196962048
 11
404.2586062872337
 21
0.0
 31
1820.565196962048
  0
LINE
  5
15E
330
70
100
AcDbEntity
  8
MAZE #3 v1_Sketch1
100
AcDbLine
 10
342.2358417140188
 20
0.0
 30
1820.565196962048
 11
342.2358417140188
 21
0.0
 31
1868.491878677714
  0
LINE
  5
15F
330
70
100
AcDbEntity
  8
MAZE #3 v1_Sketch1
100
AcDbLine
 10
3685.695569513141
 20
0.0
 30
2181.4249181153
 11
2938.73430407451
 21
0.0
 31
2181.4249181153
  0
LINE
  5
160
330
70
100
AcDbEntity
  8
MAZE #3 v1_Sketch1
100
AcDbLine
 10
722.8300788678365
 20
0.0
 30
2931.336526136895
 11
722.8300788678365
 21
0.0
 31
2976.443991281051
  0
LINE
  5
161
330
70
100
AcDbEntity
  8
MAZE #3 v1_Sketch1
100
AcDbLine
 10
773.5759771550122
 20
0.0
 30
2200.0
 11
773.5759771550122
 21
0.0
 31
1820.565196962048
  0
LINE
  5
162
330
70
100
AcDbEntity
  8
MAZE #3 v1_Sketch1
100
AcDbLine
 10
773.5759771550122
 20
0.0
 30
1868.491878677714
 11
773.5759771550122
 21
0.0
 31
1820.565196962048
  0
LINE
  5
163
330
70
100
AcDbEntity
  8
MAZE #3 v1_Sketch1
100
AcDbLine
 10
3725.329519952961
 20
0.0
 30
763.3589826458896
 11
3725.329519952961
 21
0.0
 31
721.0707340732433
  0
LINE
  5
164
330
70
100
AcDbEntity
  8
MAZE #3 v1_Sketch1
100
AcDbLine
 10
404.2586062872336
 20
0.0
 30
1820.565196962048
 11
404.2586062872336
 21
0.0
 31
1499.174507809935
  0
LINE
  5
165
330
70
100
AcDbEntity
  8
MAZE #3 v1_Sketch1
100
AcDbLine
 10
404.2586062872336
 20
0.0
 30
1454.067042665779
 11
342.2358417140188
 21
0.0
 31
1454.067042665779
  0
LINE
  5
166
330
70
100
AcDbEntity
  8
MAZE #3 v1_Sketch1
100
AcDbLine
 10
3313.690108085307
 20
0.0
 30
2982.08242442407
 11
3685.695569513141
 21
0.0
 31
2982.08242442407
  0
LINE
  5
167
330
70
100
AcDbEntity
  8
MAZE #3 v1_Sketch1
100
AcDbLine
 10
2600.0
 20
0.0
 30
3672.710306475983
 11
2600.0
 21
0.0
 31
3300.0
  0
LINE
  5
168
330
70
100
AcDbEntity
  8
MAZE #3 v1_Sketch1
100
AcDbLine
 10
2245.207027483107
 20
0.0
 30
3345.76136214883
 11
1151.35099773732
 21
0.0
 31
3345.76136214883
  0
LINE
  5
169
330
70
100
AcDbEntity
  8
MAZE #3 v1_Sketch1
100
AcDbLine
 10
2205.737995481971
 20
0.0
 30
2928.517309565386
 11
2245.207027483107
 21
0.0
 31
2928.517309565386
  0
LINE
  5
16A
330
70
100
AcDbEntity
  8
MAZE #3 v1_Sketch1
100
AcDbLine
 10
722.8300788678365
 20
0.0
 30
3345.76136214883
 11
722.8300788678365
 21
0.0
 31
2200.0
  0
LINE
  5
16B
330
70
100
AcDbEntity
  8
MAZE #3 v1_Sketch1
100
AcDbLine
 10
3313.690108085307
 20
0.0
 30
2931.336526136894
 11
3313.690108085307
 21
0.0
 31
2982.082424424069
  0
LINE
  5
16C
330
70
100
AcDbEntity
  8
MAZE #3 v1_Sketch1
100
AcDbLine
 10
3358.797573229464
 20
0.0
 30
2234.990032973985
 11
3358.797573229464
 21
0.0
 31
2601.488187270254
  0
LINE
  5
16D
330
70
100
AcDbEntity
  8
MAZE #3 v1_Sketch1
100
AcDbLine
 10
2569.416933206731
 20
0.0
 30
3300.0
 11
2569.416933206731
 21
0.0
 31
3672.710306475983
  0
LINE
  5
16E
330
70
100
AcDbEntity
  8
MAZE #3 v1_Sketch1
100
AcDbLine
 10
3685.695569513141
 20
0.0
 30
2931.336526136894
 11
3313.690108085308
 21
0.0
 31
2931.336526136894
  0
LINE
  5
16F
330
70
100
AcDbEntity
  8
MAZE #3 v1_Sketch1
100
AcDbLine
 10
2600.0
 20
0.0
 30
3000.0
 11
2245.207027483107
 21
0.0
 31
3000.0
  0
LINE
  5
170
330
70
100
AcDbEntity
  8
MAZE #3 v1_Sketch1
100
AcDbLine
 10
1500.0
 20
0.0
 30
2200.0
 11
1461.464820603394
 21
0.0
 31
2200.0
  0
LINE
  5
171
330
70
100
AcDbEntity
  8
MAZE #3 v1_Sketch1
100
AcDbLine
 10
2600.0
 20
0.0
 30
2928.517309565386
 11
2600.0
 21
0.0
 31
3000.0
  0
LINE
  5
172
330
70
100
AcDbEntity
  8
MAZE #3 v1_Sketch1
100
AcDbLine
 10
1500.0
 20
0.0
 30
2200.0
 11
773.5759771550122
 21
0.0
 31
2200.0
  0
LINE
  5
173
330
70
100
AcDbEntity
  8
MAZE #3 v1_Sketch1
100
AcDbLine
 10
1131.616481736752
 20
0.0
 30
2976.443991281051
 11
1131.616481736752
 21
0.0
 31
2931.336526136895
  0
LINE
  5
174
330
70
100
AcDbEntity
  8
MAZE #3 v1_Sketch1
100
AcDbLine
 10
3725.329519952961
 20
0.0
 30
2234.990032973985
 11
3725.329519952961
 21
0.0
 31
2181.4249181153
  0
LINE
  5
175
330
70
100
AcDbEntity
  8
MAZE #3 v1_Sketch1
100
AcDbLine
 10
3685.695569513141
 20
0.0
 30
721.0707340732432
 11
2938.73430407451
 21
0.0
 31
721.0707340732432
  0
LINE
  5
176
330
70
100
AcDbEntity
  8
MAZE #3 v1_Sketch1
100
AcDbLine
 10
3725.329519952961
 20
0.0
 30
2982.08242442407
 11
3725.329519952961
 21
0.0
 31
2931.336526136894
  0
LINE
  5
177
330
70
100
AcDbEntity
  8
MAZE #3 v1_Sketch1
100
AcDbLine
 10
2205.737995481971
 20
0.0
 30
3300.0
 11
2205.737995481971
 21
0.0
 31
2928.517309565386
  0
LINE
  5
178
330
70
100
AcDbEntity
  8
MAZE #3 v1_Sketch1
100
AcDbLine
 10
3313.690108085307
 20
0.0
 30
2601.488187270254
 11
3313.690108085307
 21
0.0
 31
2234.990032973985
  0
LINE
  5
179
330
70
100
AcDbEntity
  8
MAZE #3 v1_Sketch1
100
AcDbLine
 10
2205.737995481971
 20
0.0
 30
2928.517309565386
 11
2600.0
 21
0.0
 31
2928.517309565386
  0
LINE
  5
17A
330
70
100
AcDbEntity
  8
MAZE #3 v1_Sketch1
100
AcDbLine
 10
1461.464820603394
 20
0.0
 30
3345.76136214883
 11
1500.0
 21
0.0
 31
3345.76136214883
  0
LINE
  5
17B
330
70
100
AcDbEntity
  8
MAZE #3 v1_Sketch1
100
AcDbLine
 10
1500.0
 20
0.0
 30
3300.0
 11
1500.0
 21
0.0
 31
2200.0
  0
LINE
  5
17C
330
70
100
AcDbEntity
  8
MAZE #3 v1_Sketch1
100
AcDbLine
 10
2245.207027483107
 20
0.0
 30
3345.76136214883
 11
2205.737995481971
 21
0.0
 31
3345.76136214883
  0
LINE
  5
17D
330
70
100
AcDbEntity
  8
MAZE #3 v1_Sketch1
100
AcDbLine
 10
1131.616481736752
 20
0.0
 30
2976.443991281051
 11
1092.147449735615
 21
0.0
 31
2976.443991281051
  0
LINE
  5
17E
330
70
100
AcDbEntity
  8
MAZE #3 v1_Sketch1
100
AcDbLine
 10
1131.616481736752
 20
0.0
 30
2567.657588412135
 11
1131.616481736752
 21
0.0
 31
2931.336526136895
  0
LINE
  5
17F
330
70
100
AcDbEntity
  8
MAZE #3 v1_Sketch1
100
AcDbLine
 10
2205.737995481971
 20
0.0
 30
3000.0
 11
2205.737995481971
 21
0.0
 31
2928.517309565386
  0
LINE
  5
180
330
70
100
AcDbEntity
  8
MAZE #3 v1_Sketch1
100
AcDbLine
 10
722.8300788678365
 20
0.0
 30
2200.0
 11
722.8300788678365
 21
0.0
 31
2249.086115831532
  0
LINE
  5
181
330
70
100
AcDbEntity
  8
MAZE #3 v1_Sketch1
100
AcDbLine
 10
2938.73430407451
 20
0.0
 30
721.0707340732432
 11
2938.73430407451
 21
0.0
 31
763.3589826458896
  0
LINE
  5
182
330
70
100
AcDbEntity
  8
MAZE #3 v1_Sketch1
100
AcDbLine
 10
1097.785882878635
 20
0.0
 30
3300.0
 11
1097.785882878635
 21
0.0
 31
3672.710306475983
  0
LINE
  5
183
330
70
100
AcDbEntity
  8
MAZE #3 v1_Sketch1
100
AcDbLine
 10
765.118327440483
 20
0.0
 30
2976.443991281051
 11
1131.616481736752
 21
0.0
 31
2976.443991281051
  0
LINE
  5
184
330
70
100
AcDbEntity
  8
MAZE #3 v1_Sketch1
100
AcDbLine
 10
765.118327440483
 20
0.0
 30
2249.086115831532
 11
1461.464820603394
 21
0.0
 31
2249.086115831532
  0
LINE
  5
185
330
70
100
AcDbEntity
  8
MAZE #3 v1_Sketch1
100
AcDbLine
 10
2245.207027483107
 20
0.0
 30
3300.0
 11
2245.207027483107
 21
0.0
 31
3345.76136214883
  0
LINE
  5
186
330
70
100
AcDbEntity
  8
MAZE #3 v1_Sketch1
100
AcDbLine
 10
1097.785882878635
 20
0.0
 30
3345.76136214883
 11
1097.785882878635
 21
0.0
 31
3300.0
  0
LINE
  5
187
330
70
100
AcDbEntity
  8
MAZE #3 v1_Sketch1
100
AcDbLine
 10
2245.207027483107
 20
0.0
 30
3000.0
 11
2245.207027483107
 21
0.0
 31
3345.76136214883
  0
LINE
  5
188
330
70
100
AcDbEntity
  8
MAZE #3 v1_Sketch1
100
AcDbLine
 10
1151.35099773732
 20
0.0
 30
3300.0
 11
1097.785882878635
 21
0.0
 31
3300.0
  0
LINE
  5
189
330
70
100
AcDbEntity
  8
MAZE #3 v1_Sketch1
100
AcDbLine
 10
3370.074439515502
 20
0.0
 30
-2241.925882583515
 11
3370.074439515502
 21
0.0
 31
-1807.766530571012
  0
LINE
  5
18A
330
70
100
AcDbEntity
  8
MAZE #3 v1_Sketch1
100
AcDbLine
 10
2569.416933206731
 20
0.0
 30
3714.325954437793
 11
2600.0
 21
0.0
 31
3714.325954437793
  0
LINE
  5
18B
330
70
100
AcDbEntity
  8
MAZE #3 v1_Sketch1
100
AcDbLine
 10
1151.35099773732
 20
0.0
 30
3672.710306475983
 11
1151.35099773732
 21
0.0
 31
3345.76136214883
  0
LINE
  5
18C
330
70
100
AcDbEntity
  8
MAZE #3 v1_Sketch1
100
AcDbLine
 10
1500.0
 20
0.0
 30
2249.086115831532
 11
1500.0
 21
0.0
 31
2200.0
  0
LINE
  5
18D
330
70
100
AcDbEntity
  8
MAZE #3 v1_Sketch1
100
AcDbLine
 10
765.118327440483
 20
0.0
 30
3345.76136214883
 11
722.8300788678366
 21
0.0
 31
3345.76136214883
  0
LINE
  5
18E
330
70
100
AcDbEntity
  8
MAZE #3 v1_Sketch1
100
AcDbLine
 10
1092.147449735615
 20
0.0
 30
2567.657588412135
 11
1131.616481736752
 21
0.0
 31
2567.657588412135
  0
LINE
  5
18F
330
70
100
AcDbEntity
  8
MAZE #3 v1_Sketch1
100
AcDbLine
 10
3358.797573229464
 20
0.0
 30
2601.488187270254
 11
3313.690108085307
 21
0.0
 31
2601.488187270254
  0
LINE
  5
190
330
70
100
AcDbEntity
  8
MAZE #3 v1_Sketch1
100
AcDbLine
 10
765.118327440483
 20
0.0
 30
2249.086115831532
 11
773.5759771550122
 21
0.0
 31
2249.086115831532
  0
LINE
  5
191
330
70
100
AcDbEntity
  8
MAZE #3 v1_Sketch1
100
AcDbLine
 10
2600.0
 20
0.0
 30
3300.0
 11
2569.416933206731
 21
0.0
 31
3300.0
  0
LINE
  5
192
330
70
100
AcDbEntity
  8
MAZE #3 v1_Sketch1
100
AcDbLine
 10
2938.73430407451
 20
0.0
 30
763.3589826458896
 11
3685.695569513141
 21
0.0
 31
763.3589826458894
  0
LINE
  5
193
330
70
100
AcDbEntity
  8
MAZE #3 v1_Sketch1
100
AcDbLine
 10
1092.147449735615
 20
0.0
 30
2931.336526136895
 11
765.118327440483
 21
0.0
 31
2931.336526136895
  0
LINE
  5
194
330
70
100
AcDbEntity
  8
MAZE #3 v1_Sketch1
100
AcDbLine
 10
773.5759771550122
 20
0.0
 30
1820.565196962048
 11
722.8300788678366
 21
0.0
 31
1820.565196962048
  0
LINE
  5
195
330
70
100
AcDbEntity
  8
MAZE #3 v1_Sketch1
100
AcDbLine
 10
722.8300788678365
 20
0.0
 30
1868.491878677714
 11
722.8300788678365
 21
0.0
 31
2249.086115831532
  0
LINE
  5
196
330
70
100
AcDbEntity
  8
MAZE #3 v1_Sketch1
100
AcDbLine
 10
1097.785882878635
 20
0.0
 30
3714.325954437793
 11
1151.35099773732
 21
0.0
 31
3714.325954437793
  0
LINE
  5
197
330
70
100
AcDbEntity
  8
MAZE #3 v1_Sketch1
100
AcDbLine
 10
342.2358417140188
 20
0.0
 30
1868.491878677714
 11
722.8300788678365
 21
0.0
 31
1868.491878677714
  0
LINE
  5
198
330
70
100
AcDbEntity
  8
MAZE #3 v1_Sketch1
100
AcDbLine
 10
342.2358417140188
 20
0.0
 30
1868.491878677714
 11
404.2586062872336
 21
0.0
 31
1868.491878677714
  0
LINE
  5
199
330
70
100
AcDbEntity
  8
MAZE #3 v1_Sketch1
100
AcDbLine
 10
1459.833624683324
 20
0.0
 30
1141.537926386624
 11
1459.833624683324
 21
0.0
 31
1100.0
  0
LINE
  5
19A
330
70
100
AcDbEntity
  8
MAZE #3 v1_Sketch1
100
AcDbLine
 10
3300.0
 20
0.0
 30
1100.0
 11
3357.419047358977
 21
0.0
 31
1100.0
  0
LINE
  5
19B
330
70
100
AcDbEntity
  8
MAZE #3 v1_Sketch1
100
AcDbLine
 10
353.5127080000578
 20
0.0
 30
760.5397660743781
 11
353.5127080000578
 21
0.0
 31
704.1554346441828
  0
LINE
  5
19C
330
70
100
AcDbEntity
  8
MAZE #3 v1_Sketch1
100
AcDbLine
 10
1140.074131451281
 20
0.0
 30
1871.311095249224
 11
1140.074131451281
 21
0.0
 31
1454.067042665779
  0
LINE
  5
19D
330
70
100
AcDbEntity
  8
MAZE #3 v1_Sketch1
100
AcDbLine
 10
1829.222309788161
 20
0.0
 30
1454.326732322172
 11
1829.222309788161
 21
0.0
 31
1490.074024429091
  0
LINE
  5
19E
330
70
100
AcDbEntity
  8
MAZE #3 v1_Sketch1
100
AcDbLine
 10
1459.833624683324
 20
0.0
 30
1865.420591551749
 11
1459.833624683324
 21
0.0
 31
1814.778594400279
  0
LINE
  5
19F
330
70
100
AcDbEntity
  8
MAZE #3 v1_Sketch1
100
AcDbLine
 10
1459.833624683324
 20
0.0
 30
1100.0
 11
1832.201250797071
 21
0.0
 31
1100.0
  0
LINE
  5
1A0
330
70
100
AcDbEntity
  8
MAZE #3 v1_Sketch1
100
AcDbLine
 10
2255.210874062287
 20
0.0
 30
1490.074024429091
 11
2255.210874062287
 21
0.0
 31
1454.326732322172
  0
LINE
  5
1A1
330
70
100
AcDbEntity
  8
MAZE #3 v1_Sketch1
100
AcDbLine
 10
1873.906424921811
 20
0.0
 30
1100.0
 11
1873.906424921811
 21
0.0
 31
1141.537926386624
  0
LINE
  5
1A2
330
70
100
AcDbEntity
  8
MAZE #3 v1_Sketch1
100
AcDbLine
 10
1094.966666307125
 20
0.0
 30
760.5397660743781
 11
353.5127080000577
 21
0.0
 31
760.5397660743781
  0
LINE
  5
1A3
330
70
100
AcDbEntity
  8
MAZE #3 v1_Sketch1
100
AcDbLine
 10
1455.826387460374
 20
0.0
 30
343.2957134909334
 11
1489.656986318492
 21
0.0
 31
343.2957134909334
  0
LINE
  5
1A4
330
70
100
AcDbEntity
  8
MAZE #3 v1_Sketch1
100
AcDbLine
 10
1489.656986318492
 20
0.0
 30
760.5397660743781
 11
1455.826387460374
 21
0.0
 31
760.5397660743781
  0
LINE
  5
1A5
330
70
100
AcDbEntity
  8
MAZE #3 v1_Sketch1
100
AcDbLine
 10
1094.966666307125
 20
0.0
 30
1499.174507809935
 11
1094.966666307125
 21
0.0
 31
1871.311095249224
  0
LINE
  5
1A6
330
70
100
AcDbEntity
  8
MAZE #3 v1_Sketch1
100
AcDbLine
 10
342.2358417140188
 20
0.0
 30
1454.067042665779
 11
1094.966666307125
 21
0.0
 31
1454.067042665779
  0
LINE
  5
1A7
330
70
100
AcDbEntity
  8
MAZE #3 v1_Sketch1
100
AcDbLine
 10
2943.346247120491
 20
0.0
 30
-392.6166932020109
 11
3306.777050207507
 21
0.0
 31
-392.6166932020111
  0
LINE
  5
1A8
330
70
100
AcDbEntity
  8
MAZE #3 v1_Sketch1
100
AcDbLine
 10
1829.222309788161
 20
0.0
 30
1490.074024429091
 11
2195.632053884086
 21
0.0
 31
1490.074024429091
  0
LINE
  5
1A9
330
70
100
AcDbEntity
  8
MAZE #3 v1_Sketch1
100
AcDbLine
 10
1459.833624683324
 20
0.0
 30
1100.0
 11
1459.833624683324
 21
0.0
 31
1865.420591551749
  0
LINE
  5
1AA
330
70
100
AcDbEntity
  8
MAZE #3 v1_Sketch1
100
AcDbLine
 10
1094.966666307125
 20
0.0
 30
1871.311095249224
 11
1140.074131451281
 21
0.0
 31
1871.311095249224
  0
LINE
  5
1AB
330
70
100
AcDbEntity
  8
MAZE #3 v1_Sketch1
100
AcDbLine
 10
1094.966666307125
 20
0.0
 30
1499.174507809935
 11
404.2586062872337
 21
0.0
 31
1499.174507809935
  0
LINE
  5
1AC
330
70
100
AcDbEntity
  8
MAZE #3 v1_Sketch1
100
AcDbLine
 10
1140.074131451281
 20
0.0
 30
704.1554346441829
 11
1140.074131451281
 21
0.0
 31
760.5397660743782
  0
LINE
  5
1AD
330
70
100
AcDbEntity
  8
MAZE #3 v1_Sketch1
100
AcDbLine
 10
2255.210874062287
 20
0.0
 30
1865.420591551749
 11
2195.632053884086
 21
0.0
 31
1865.420591551749
  0
LINE
  5
1AE
330
70
100
AcDbEntity
  8
MAZE #3 v1_Sketch1
100
AcDbLine
 10
3306.777050207507
 20
0.0
 30
-759.0264372979377
 11
3358.797573229463
 21
0.0
 31
-759.0264372979377
  0
LINE
  5
1AF
330
70
100
AcDbEntity
  8
MAZE #3 v1_Sketch1
100
AcDbLine
 10
1873.906424921811
 20
0.0
 30
1141.537926386624
 11
1832.201250797071
 21
0.0
 31
1141.537926386624
  0
LINE
  5
1B0
330
70
100
AcDbEntity
  8
MAZE #3 v1_Sketch1
100
AcDbLine
 10
1873.906424921811
 20
0.0
 30
715.5493621124986
 11
1873.906424921811
 21
0.0
 31
1141.537926386624
  0
LINE
  5
1B1
330
70
100
AcDbEntity
  8
MAZE #3 v1_Sketch1
100
AcDbLine
 10
1826.243368779251
 20
0.0
 30
1814.778594400279
 11
1873.906424921811
 21
0.0
 31
1814.778594400279
  0
LINE
  5
1B2
330
70
100
AcDbEntity
  8
MAZE #3 v1_Sketch1
100
AcDbLine
 10
1873.906424921811
 20
0.0
 30
1865.420591551749
 11
1873.906424921811
 21
0.0
 31
2234.809276656585
  0
LINE
  5
1B3
330
70
100
AcDbEntity
  8
MAZE #3 v1_Sketch1
100
AcDbLine
 10
3357.419047358977
 20
0.0
 30
1865.420591551749
 11
3357.419047358977
 21
0.0
 31
1814.778594400279
  0
LINE
  5
1B4
330
70
100
AcDbEntity
  8
MAZE #3 v1_Sketch1
100
AcDbLine
 10
1873.906424921811
 20
0.0
 30
1141.537926386624
 11
1500.0
 21
0.0
 31
1141.537926386624
  0
LINE
  5
1B5
330
70
100
AcDbEntity
  8
MAZE #3 v1_Sketch1
100
AcDbLine
 10
1459.833624683324
 20
0.0
 30
1865.420591551749
 11
1500.0
 21
0.0
 31
1865.420591551749
  0
LINE
  5
1B6
330
70
100
AcDbEntity
  8
MAZE #3 v1_Sketch1
100
AcDbLine
 10
353.5127080000578
 20
0.0
 30
704.1554346441829
 11
1094.966666307125
 21
0.0
 31
704.155434644183
  0
LINE
  5
1B7
330
70
100
AcDbEntity
  8
MAZE #3 v1_Sketch1
100
AcDbLine
 10
2943.346247120491
 20
0.0
 30
-362.8272831129113
 11
2943.346247120491
 21
0.0
 31
-392.6166932020109
  0
LINE
  5
1B8
330
70
100
AcDbEntity
  8
MAZE #3 v1_Sketch1
100
AcDbLine
 10
1832.201250797071
 20
0.0
 30
715.5493621124986
 11
1873.906424921811
 21
0.0
 31
715.5493621124986
  0
LINE
  5
1B9
330
70
100
AcDbEntity
  8
MAZE #3 v1_Sketch1
100
AcDbLine
 10
1873.906424921811
 20
0.0
 30
2234.809276656585
 11
1826.243368779251
 21
0.0
 31
2234.809276656585
  0
LINE
  5
1BA
330
70
100
AcDbEntity
  8
MAZE #3 v1_Sketch1
100
AcDbLine
 10
1489.656986318492
 20
0.0
 30
385.5839620635799
 11
1489.656986318492
 21
0.0
 31
760.5397660743781
  0
LINE
  5
1BB
330
70
100
AcDbEntity
  8
MAZE #3 v1_Sketch1
100
AcDbLine
 10
3300.0
 20
0.0
 30
1814.778594400279
 11
3300.0
 21
0.0
 31
1144.516867395535
  0
LINE
  5
1BC
330
70
100
AcDbEntity
  8
MAZE #3 v1_Sketch1
100
AcDbLine
 10
3306.777050207507
 20
0.0
 30
-362.8272831129113
 11
2943.346247120491
 21
0.0
 31
-362.8272831129113
  0
LINE
  5
1BD
330
70
100
AcDbEntity
  8
MAZE #3 v1_Sketch1
100
AcDbLine
 10
3357.419047358977
 20
0.0
 30
1144.516867395535
 11
3357.419047358977
 21
0.0
 31
1100.0
  0
LINE
  5
1BE
330
70
100
AcDbEntity
  8
MAZE #3 v1_Sketch1
100
AcDbLine
 10
2600.0
 20
0.0
 30
1100.0
 11
2600.0
 21
0.0
 31
700.0
  0
LINE
  5
1BF
330
70
100
AcDbEntity
  8
MAZE #3 v1_Sketch1
100
AcDbLine
 10
1140.074131451281
 20
0.0
 30
1454.067042665779
 11
1140.074131451281
 21
0.0
 31
1499.174507809935
  0
LINE
  5
1C0
330
70
100
AcDbEntity
  8
MAZE #3 v1_Sketch1
100
AcDbLine
 10
2600.0
 20
0.0
 30
700.0
 11
2562.041797980015
 21
0.0
 31
700.0
  0
LINE
  5
1C1
330
70
100
AcDbEntity
  8
MAZE #3 v1_Sketch1
100
AcDbLine
 10
1500.0
 20
0.0
 30
1814.778594400279
 11
1500.0
 21
0.0
 31
1141.537926386624
  0
LINE
  5
1C2
330
70
100
AcDbEntity
  8
MAZE #3 v1_Sketch1
100
AcDbLine
 10
342.2358417140188
 20
0.0
 30
1454.067042665779
 11
342.2358417140188
 21
0.0
 31
1868.491878677714
  0
LINE
  5
1C3
330
70
100
AcDbEntity
  8
MAZE #3 v1_Sketch1
100
AcDbLine
 10
2562.041797980015
 20
0.0
 30
1100.0
 11
2562.041797980015
 21
0.0
 31
1144.516867395535
  0
LINE
  5
1C4
330
70
100
AcDbEntity
  8
MAZE #3 v1_Sketch1
100
AcDbLine
 10
2562.041797980015
 20
0.0
 30
700.0
 11
2562.041797980015
 21
0.0
 31
1144.516867395535
  0
LINE
  5
1C5
330
70
100
AcDbEntity
  8
MAZE #3 v1_Sketch1
100
AcDbLine
 10
2195.632053884087
 20
0.0
 30
343.2957134909334
 11
2255.210874062287
 21
0.0
 31
343.2957134909334
  0
LINE
  5
1C6
330
70
100
AcDbEntity
  8
MAZE #3 v1_Sketch1
100
AcDbLine
 10
1094.966666307125
 20
0.0
 30
385.5839620635799
 11
1094.966666307125
 21
0.0
 31
343.2957134909334
  0
LINE
  5
1C7
330
70
100
AcDbEntity
  8
MAZE #3 v1_Sketch1
100
AcDbLine
 10
2600.0
 20
0.0
 30
1144.516867395535
 11
3300.0
 21
0.0
 31
1144.516867395535
  0
LINE
  5
1C8
330
70
100
AcDbEntity
  8
MAZE #3 v1_Sketch1
100
AcDbLine
 10
3357.419047358977
 20
0.0
 30
1100.0
 11
2600.0
 21
0.0
 31
1100.0
  0
LINE
  5
1C9
330
70
100
AcDbEntity
  8
MAZE #3 v1_Sketch1
100
AcDbLine
 10
1500.0
 20
0.0
 30
1814.778594400279
 11
2195.632053884087
 21
0.0
 31
1814.778594400279
  0
LINE
  5
1CA
330
70
100
AcDbEntity
  8
MAZE #3 v1_Sketch1
100
AcDbLine
 10
1826.243368779251
 20
0.0
 30
2234.809276656585
 11
1826.243368779251
 21
0.0
 31
1865.420591551749
  0
LINE
  5
1CB
330
70
100
AcDbEntity
  8
MAZE #3 v1_Sketch1
100
AcDbLine
 10
3358.797573229463
 20
0.0
 30
385.5839620635799
 11
3306.777050207507
 21
0.0
 31
385.5839620635799
  0
LINE
  5
1CC
330
70
100
AcDbEntity
  8
MAZE #3 v1_Sketch1
100
AcDbLine
 10
1140.074131451281
 20
0.0
 30
343.2957134909336
 11
3306.777050207508
 21
0.0
 31
343.2957134909334
  0
LINE
  5
1CD
330
70
100
AcDbEntity
  8
MAZE #3 v1_Sketch1
100
AcDbLine
 10
1455.826387460374
 20
0.0
 30
760.5397660743781
 11
1455.826387460374
 21
0.0
 31
385.5839620635799
  0
LINE
  5
1CE
330
70
100
AcDbEntity
  8
MAZE #3 v1_Sketch1
100
AcDbLine
 10
2195.632053884087
 20
0.0
 30
1454.326732322172
 11
1829.222309788161
 21
0.0
 31
1454.326732322172
  0
LINE
  5
1CF
330
70
100
AcDbEntity
  8
MAZE #3 v1_Sketch1
100
AcDbLine
 10
1832.201250797071
 20
0.0
 30
1100.0
 11
1832.201250797071
 21
0.0
 31
715.5493621124986
  0
LINE
  5
1D0
330
70
100
AcDbEntity
  8
MAZE #3 v1_Sketch1
100
AcDbLine
 10
1140.074131451281
 20
0.0
 30
-28.8408739483549
 11
1094.966666307125
 21
0.0
 31
-28.8408739483549
  0
LINE
  5
1D1
330
70
100
AcDbEntity
  8
MAZE #3 v1_Sketch1
100
AcDbLine
 10
342.2358417140188
 20
0.0
 30
1499.174507809935
 11
342.2358417140188
 21
0.0
 31
1454.067042665779
  0
LINE
  5
1D2
330
70
100
AcDbEntity
  8
MAZE #3 v1_Sketch1
100
AcDbLine
 10
1500.0
 20
0.0
 30
1100.0
 11
1459.833624683324
 21
0.0
 31
1100.0
  0
LINE
  5
1D3
330
70
100
AcDbEntity
  8
MAZE #3 v1_Sketch1
100
AcDbLine
 10
3358.797573229463
 20
0.0
 30
343.2957134909334
 11
3358.797573229463
 21
0.0
 31
385.5839620635798
  0
LINE
  5
1D4
330
70
100
AcDbEntity
  8
MAZE #3 v1_Sketch1
100
AcDbLine
 10
3357.419047358977
 20
0.0
 30
1865.420591551749
 11
3300.0
 21
0.0
 31
1865.420591551749
  0
LINE
  5
1D5
330
70
100
AcDbEntity
  8
MAZE #3 v1_Sketch1
100
AcDbLine
 10
3357.419047358977
 20
0.0
 30
1100.0
 11
3357.419047358977
 21
0.0
 31
1865.420591551749
  0
LINE
  5
1D6
330
70
100
AcDbEntity
  8
MAZE #3 v1_Sketch1
100
AcDbLine
 10
2255.210874062287
 20
0.0
 30
385.5839620635799
 11
2255.210874062287
 21
0.0
 31
1814.778594400278
  0
LINE
  5
1D7
330
70
100
AcDbEntity
  8
MAZE #3 v1_Sketch1
100
AcDbLine
 10
3358.797573229463
 20
0.0
 30
-759.0264372979377
 11
3358.797573229463
 21
0.0
 31
385.5839620635797
  0
LINE
  5
1D8
330
70
100
AcDbEntity
  8
MAZE #3 v1_Sketch1
100
AcDbLine
 10
3358.797573229463
 20
0.0
 30
-392.6166932020109
 11
3358.797573229463
 21
0.0
 31
-362.8272831129113
  0
LINE
  5
1D9
330
70
100
AcDbEntity
  8
MAZE #3 v1_Sketch1
100
AcDbLine
 10
-24.61432758975484
 20
0.0
 30
2193.104102531846
 11
-24.61432758975484
 21
0.0
 31
2230.79587903363
  0
LINE
  5
1DA
330
70
100
AcDbEntity
  8
MAZE #3 v1_Sketch1
100
AcDbLine
 10
2562.041797980015
 20
0.0
 30
2562.492787636682
 11
2562.041797980015
 21
0.0
 31
1865.420591551749
  0
LINE
  5
1DB
330
70
100
AcDbEntity
  8
MAZE #3 v1_Sketch1
100
AcDbLine
 10
1867.948542903991
 20
0.0
 30
2976.565587875168
 11
1832.201250797071
 21
0.0
 31
2976.565587875168
  0
LINE
  5
1DC
330
70
100
AcDbEntity
  8
MAZE #3 v1_Sketch1
100
AcDbLine
 10
2937.388365102671
 20
0.0
 30
2600.0
 11
2937.388365102671
 21
0.0
 31
3351.912154997825
  0
LINE
  5
1DD
330
70
100
AcDbEntity
  8
MAZE #3 v1_Sketch1
100
AcDbLine
 10
2982.07248023632
 20
0.0
 30
3298.291216837446
 11
2982.07248023632
 21
0.0
 31
2562.492787636682
  0
LINE
  5
1DE
330
70
100
AcDbEntity
  8
MAZE #3 v1_Sketch1
100
AcDbLine
 10
2600.0
 20
0.0
 30
2600.0
 11
1867.948542903991
 21
0.0
 31
2600.0
  0
LINE
  5
1DF
330
70
100
AcDbEntity
  8
MAZE #3 v1_Sketch1
100
AcDbLine
 10
1832.201250797071
 20
0.0
 30
2976.565587875168
 11
1832.201250797071
 21
0.0
 31
2562.492787636682
  0
LINE
  5
1E0
330
70
100
AcDbEntity
  8
MAZE #3 v1_Sketch1
100
AcDbLine
 10
399.2331486588142
 20
0.0
 30
3000.0
 11
399.2331486588142
 21
0.0
 31
2953.715028484819
  0
LINE
  5
1E1
330
70
100
AcDbEntity
  8
MAZE #3 v1_Sketch1
100
AcDbLine
 10
50.0
 20
0.0
 30
2550.0
 11
0.0
 21
0.0
 31
2550.0
  0
LINE
  5
1E2
330
70
100
AcDbEntity
  8
MAZE #3 v1_Sketch1
100
AcDbLine
 10
0.0
 20
0.0
 30
2600.0
 11
0.0
 21
0.0
 31
3000.0
  0
LINE
  5
1E3
330
70
100
AcDbEntity
  8
MAZE #3 v1_Sketch1
100
AcDbLine
 10
-400.0
 20
0.0
 30
2600.0
 11
0.0
 21
0.0
 31
2600.0
  0
LINE
  5
1E4
330
70
100
AcDbEntity
  8
MAZE #3 v1_Sketch1
100
AcDbLine
 10
399.2331486588142
 20
0.0
 30
2193.104102531846
 11
50.0
 21
0.0
 31
2193.104102531846
  0
LINE
  5
1E5
330
70
100
AcDbEntity
  8
MAZE #3 v1_Sketch1
100
AcDbLine
 10
-400.0
 20
0.0
 30
2550.0
 11
-400.0
 21
0.0
 31
2600.0
  0
LINE
  5
1E6
330
70
100
AcDbEntity
  8
MAZE #3 v1_Sketch1
100
AcDbLine
 10
-24.61432758975484
 20
0.0
 30
2230.79587903363
 11
358.1136173809682
 21
0.0
 31
2230.79587903363
  0
LINE
  5
1E7
330
70
100
AcDbEntity
  8
MAZE #3 v1_Sketch1
100
AcDbLine
 10
-24.61432758975484
 20
0.0
 30
1500.0
 11
-24.61432758975484
 21
0.0
 31
2230.795879033631
  0
LINE
  5
1E8
330
70
100
AcDbEntity
  8
MAZE #3 v1_Sketch1
100
AcDbLine
 10
2600.0
 20
0.0
 30
1144.516867395535
 11
2600.0
 21
0.0
 31
1500.0
  0
LINE
  5
1E9
330
70
100
AcDbEntity
  8
MAZE #3 v1_Sketch1
100
AcDbLine
 10
358.1136173809682
 20
0.0
 30
2953.715028484819
 11
50.0
 21
0.0
 31
2953.715028484819
  0
LINE
  5
1EA
330
70
100
AcDbEntity
  8
MAZE #3 v1_Sketch1
100
AcDbLine
 10
399.2331486588142
 20
0.0
 30
3672.710306475983
 11
399.2331486588142
 21
0.0
 31
2193.104102531846
  0
LINE
  5
1EB
330
70
100
AcDbEntity
  8
MAZE #3 v1_Sketch1
100
AcDbLine
 10
-400.0
 20
0.0
 30
1500.0
 11
-24.61432758975485
 21
0.0
 31
1500.0
  0
LINE
  5
1EC
330
70
100
AcDbEntity
  8
MAZE #3 v1_Sketch1
100
AcDbLine
 10
2562.041797980015
 20
0.0
 30
1500.0
 11
2562.041797980015
 21
0.0
 31
1100.0
  0
LINE
  5
1ED
330
70
100
AcDbEntity
  8
MAZE #3 v1_Sketch1
100
AcDbLine
 10
-350.0
 20
0.0
 30
1100.0
 11
-400.0
 21
0.0
 31
1100.0
  0
LINE
  5
1EE
330
70
100
AcDbEntity
  8
MAZE #3 v1_Sketch1
100
AcDbLine
 10
-400.0
 20
0.0
 30
1100.0
 11
-400.0
 21
0.0
 31
1500.0
  0
LINE
  5
1EF
330
70
100
AcDbEntity
  8
MAZE #3 v1_Sketch1
100
AcDbLine
 10
0.0
 20
0.0
 30
2953.715028484819
 11
0.0
 21
0.0
 31
3000.0
  0
LINE
  5
1F0
330
70
100
AcDbEntity
  8
MAZE #3 v1_Sketch1
100
AcDbLine
 10
50.0
 20
0.0
 30
1500.0
 11
50.0
 21
0.0
 31
1450.0
  0
LINE
  5
1F1
330
70
100
AcDbEntity
  8
MAZE #3 v1_Sketch1
100
AcDbLine
 10
2982.07248023632
 20
0.0
 30
1457.305673331082
 11
2946.325188129402
 21
0.0
 31
1457.305673331082
  0
LINE
  5
1F2
330
70
100
AcDbEntity
  8
MAZE #3 v1_Sketch1
100
AcDbLine
 10
3354.440106350067
 20
0.0
 30
3298.291216837446
 11
2982.07248023632
 21
0.0
 31
3298.291216837446
  0
LINE
  5
1F3
330
70
100
AcDbEntity
  8
MAZE #3 v1_Sketch1
100
AcDbLine
 10
50.0
 20
0.0
 30
2193.104102531846
 11
50.0
 21
0.0
 31
1450.0
  0
LINE
  5
1F4
330
70
100
AcDbEntity
  8
MAZE #3 v1_Sketch1
100
AcDbLine
 10
3354.440106350067
 20
0.0
 30
3351.912154997825
 11
3354.440106350067
 21
0.0
 31
3298.291216837446
  0
LINE
  5
1F5
330
70
100
AcDbEntity
  8
MAZE #3 v1_Sketch1
100
AcDbLine
 10
2982.07248023632
 20
0.0
 30
2600.0
 11
2982.07248023632
 21
0.0
 31
2562.492787636682
  0
LINE
  5
1F6
330
70
100
AcDbEntity
  8
MAZE #3 v1_Sketch1
100
AcDbLine
 10
0.0
 20
0.0
 30
3000.0
 11
50.0
 21
0.0
 31
3000.0
  0
LINE
  5
1F7
330
70
100
AcDbEntity
  8
MAZE #3 v1_Sketch1
100
AcDbLine
 10
-400.0
 20
0.0
 30
1500.0
 11
-350.0
 21
0.0
 31
1500.0
  0
LINE
  5
1F8
330
70
100
AcDbEntity
  8
MAZE #3 v1_Sketch1
100
AcDbLine
 10
2946.325188129402
 20
0.0
 30
1457.305673331082
 11
2946.325188129402
 21
0.0
 31
1814.778594400279
  0
LINE
  5
1F9
330
70
100
AcDbEntity
  8
MAZE #3 v1_Sketch1
100
AcDbLine
 10
2982.07248023632
 20
0.0
 30
1814.778594400279
 11
2982.07248023632
 21
0.0
 31
1457.305673331082
  0
LINE
  5
1FA
330
70
100
AcDbEntity
  8
MAZE #3 v1_Sketch1
100
AcDbLine
 10
2562.041797980015
 20
0.0
 30
1814.778594400279
 11
2600.0
 21
0.0
 31
1814.778594400279
  0
LINE
  5
1FB
330
70
100
AcDbEntity
  8
MAZE #3 v1_Sketch1
100
AcDbLine
 10
1867.948542903991
 20
0.0
 30
2600.0
 11
1867.948542903991
 21
0.0
 31
2976.565587875168
  0
LINE
  5
1FC
330
70
100
AcDbEntity
  8
MAZE #3 v1_Sketch1
100
AcDbLine
 10
399.2331486588142
 20
0.0
 30
2193.104102531846
 11
358.1136173809682
 21
0.0
 31
2193.104102531846
  0
LINE
  5
1FD
330
70
100
AcDbEntity
  8
MAZE #3 v1_Sketch1
100
AcDbLine
 10
0.0
 20
0.0
 30
3000.0
 11
358.1136173809682
 21
0.0
 31
3000.0
  0
LINE
  5
1FE
330
70
100
AcDbEntity
  8
MAZE #3 v1_Sketch1
100
AcDbLine
 10
399.2331486588142
 20
0.0
 30
2230.79587903363
 11
399.2331486588142
 21
0.0
 31
2193.104102531846
  0
LINE
  5
1FF
330
70
100
AcDbEntity
  8
MAZE #3 v1_Sketch1
100
AcDbLine
 10
2946.325188129402
 20
0.0
 30
1865.420591551749
 11
2982.07248023632
 21
0.0
 31
1865.420591551749
  0
LINE
  5
200
330
70
100
AcDbEntity
  8
MAZE #3 v1_Sketch1
100
AcDbLine
 10
2562.041797980015
 20
0.0
 30
2600.0
 11
2937.388365102671
 21
0.0
 31
2600.0
  0
LINE
  5
201
330
70
100
AcDbEntity
  8
MAZE #3 v1_Sketch1
100
AcDbLine
 10
1832.201250797071
 20
0.0
 30
2562.492787636682
 11
1867.948542903991
 21
0.0
 31
2562.492787636682
  0
LINE
  5
202
330
70
100
AcDbEntity
  8
MAZE #3 v1_Sketch1
100
AcDbLine
 10
50.0
 20
0.0
 30
2953.715028484819
 11
50.0
 21
0.0
 31
2550.0
  0
LINE
  5
203
330
70
100
AcDbEntity
  8
MAZE #3 v1_Sketch1
100
AcDbLine
 10
-24.61432758975484
 20
0.0
 30
2230.79587903363
 11
50.0
 21
0.0
 31
2230.79587903363
  0
LINE
  5
204
330
70
100
AcDbEntity
  8
MAZE #3 v1_Sketch1
100
AcDbLine
 10
-350.0
 20
0.0
 30
1450.0
 11
-350.0
 21
0.0
 31
1100.0
  0
LINE
  5
205
330
70
100
AcDbEntity
  8
MAZE #3 v1_Sketch1
100
AcDbLine
 10
-758.4398088559334
 20
0.0
 30
3714.325954437793
 11
-707.8311549755068
 21
0.0
 31
3714.325954437793
  0
LINE
  5
206
330
70
100
AcDbEntity
  8
MAZE #3 v1_Sketch1
100
AcDbLine
 10
50.0
 20
0.0
 30
1450.0
 11
-24.61432758975484
 21
0.0
 31
1450.0
  0
LINE
  5
207
330
70
100
AcDbEntity
  8
MAZE #3 v1_Sketch1
100
AcDbLine
 10
2600.0
 20
0.0
 30
1500.0
 11
2562.041797980015
 21
0.0
 31
1500.0
  0
LINE
  5
208
330
70
100
AcDbEntity
  8
MAZE #3 v1_Sketch1
100
AcDbLine
 10
50.0
 20
0.0
 30
2550.0
 11
-400.0
 21
0.0
 31
2550.0
  0
LINE
  5
209
330
70
100
AcDbEntity
  8
MAZE #3 v1_Sketch1
100
AcDbLine
 10
2937.388365102671
 20
0.0
 30
3351.912154997825
 11
3354.440106350067
 21
0.0
 31
3351.912154997825
  0
LINE
  5
20A
330
70
100
AcDbEntity
  8
MAZE #3 v1_Sketch1
100
AcDbLine
 10
358.1136173809682
 20
0.0
 30
3714.325954437793
 11
399.2331486588142
 21
0.0
 31
3714.325954437793
  0
LINE
  5
20B
330
70
100
AcDbEntity
  8
MAZE #3 v1_Sketch1
100
AcDbLine
 10
50.0
 20
0.0
 30
2600.0
 11
50.0
 21
0.0
 31
2550.0
  0
LINE
  5
20C
330
70
100
AcDbEntity
  8
MAZE #3 v1_Sketch1
100
AcDbLine
 10
2246.274051035558
 20
0.0
 30
2193.104102531846
 11
2200.0
 21
0.0
 31
2193.104102531846
  0
LINE
  5
20D
330
70
100
AcDbEntity
  8
MAZE #3 v1_Sketch1
100
AcDbLine
 10
2246.274051035558
 20
0.0
 30
2562.492787636682
 11
2246.274051035558
 21
0.0
 31
2193.104102531846
  0
LINE
  5
20E
330
70
100
AcDbEntity
  8
MAZE #3 v1_Sketch1
100
AcDbLine
 10
2600.0
 20
0.0
 30
1865.420591551749
 11
2600.0
 21
0.0
 31
2562.492787636682
  0
LINE
  5
20F
330
70
100
AcDbEntity
  8
MAZE #3 v1_Sketch1
100
AcDbLine
 10
2600.0
 20
0.0
 30
2600.0
 11
2562.041797980015
 21
0.0
 31
2600.0
  0
LINE
  5
210
330
70
100
AcDbEntity
  8
MAZE #3 v1_Sketch1
100
AcDbLine
 10
2200.0
 20
0.0
 30
2600.0
 11
2246.274051035558
 21
0.0
 31
2600.0
  0
LINE
  5
211
330
70
100
AcDbEntity
  8
MAZE #3 v1_Sketch1
100
AcDbLine
 10
2200.0
 20
0.0
 30
2193.104102531846
 11
2200.0
 21
0.0
 31
2562.492787636682
  0
LINE
  5
212
330
70
100
AcDbEntity
  8
MAZE #3 v1_Sketch1
100
AcDbLine
 10
2982.07248023632
 20
0.0
 30
2562.492787636682
 11
2937.388365102671
 21
0.0
 31
2562.492787636682
  0
LINE
  5
213
330
70
100
AcDbEntity
  8
MAZE #3 v1_Sketch1
100
AcDbLine
 10
2937.388365102671
 20
0.0
 30
3351.912154997825
 11
2982.07248023632
 21
0.0
 31
3351.912154997825
  0
LINE
  5
214
330
70
100
AcDbEntity
  8
MAZE #3 v1_Sketch1
100
AcDbLine
 10
2937.388365102671
 20
0.0
 30
3298.291216837446
 11
2937.388365102671
 21
0.0
 31
3351.912154997825
  0
LINE
  5
215
330
70
100
AcDbEntity
  8
MAZE #3 v1_Sketch1
100
AcDbLine
 10
-400.0
 20
0.0
 30
1450.0
 11
-400.0
 21
0.0
 31
1500.0
  0
LINE
  5
216
330
70
100
AcDbEntity
  8
MAZE #3 v1_Sketch1
100
AcDbLine
 10
2982.07248023632
 20
0.0
 30
2562.492787636682
 11
2600.0
 21
0.0
 31
2562.492787636682
  0
LINE
  5
217
330
70
100
AcDbEntity
  8
MAZE #3 v1_Sketch1
100
AcDbLine
 10
1832.201250797071
 20
0.0
 30
2600.0
 11
1832.201250797071
 21
0.0
 31
2562.492787636682
  0
LINE
  5
218
330
70
100
AcDbEntity
  8
MAZE #3 v1_Sketch1
100
AcDbLine
 10
50.0
 20
0.0
 30
1450.0
 11
-350.0
 21
0.0
 31
1450.0
  0
LINE
  5
219
330
70
100
AcDbEntity
  8
MAZE #3 v1_Sketch1
100
AcDbLine
 10
-1800.0
 20
0.0
 30
2251.64372019887
 11
-1800.0
 21
0.0
 31
1800.0
  0
LINE
  5
21A
330
70
100
AcDbEntity
  8
MAZE #3 v1_Sketch1
100
AcDbLine
 10
-400.0
 20
0.0
 30
2950.0
 11
-707.8311549755068
 21
0.0
 31
2950.0
  0
LINE
  5
21B
330
70
100
AcDbEntity
  8
MAZE #3 v1_Sketch1
100
AcDbLine
 10
-2950.0
 20
0.0
 30
725.3837926365384
 11
-2236.195016565561
 21
0.0
 31
725.3837926365384
  0
LINE
  5
21C
330
70
100
AcDbEntity
  8
MAZE #3 v1_Sketch1
100
AcDbLine
 10
-2624.290450468941
 20
0.0
 30
1068.698984166451
 11
-2236.195016565561
 21
0.0
 31
1068.698984166451
  0
LINE
  5
21D
330
70
100
AcDbEntity
  8
MAZE #3 v1_Sketch1
100
AcDbLine
 10
-1824.492693834923
 20
0.0
 30
1494.776588835247
 11
-1869.21174081223
 21
0.0
 31
1494.776588835247
  0
LINE
  5
21E
330
70
100
AcDbEntity
  8
MAZE #3 v1_Sketch1
100
AcDbLine
 10
-1869.21174081223
 20
0.0
 30
1450.0
 11
-1869.21174081223
 21
0.0
 31
0.0
  0
LINE
  5
21F
330
70
100
AcDbEntity
  8
MAZE #3 v1_Sketch1
100
AcDbLine
 10
-1150.0
 20
0.0
 30
2250.0
 11
-758.4398088559334
 21
0.0
 31
2250.0
  0
LINE
  5
220
330
70
100
AcDbEntity
  8
MAZE #3 v1_Sketch1
100
AcDbLine
 10
-2575.778521231018
 20
0.0
 30
1139.601034591108
 11
-2575.778521231018
 21
0.0
 31
1800.0
  0
LINE
  5
221
330
70
100
AcDbEntity
  8
MAZE #3 v1_Sketch1
100
AcDbLine
 10
-1100.0
 20
0.0
 30
1450.0
 11
-1150.0
 21
0.0
 31
1450.0
  0
LINE
  5
222
330
70
100
AcDbEntity
  8
MAZE #3 v1_Sketch1
100
AcDbLine
 10
-1800.0
 20
0.0
 30
2200.0
 11
-1800.0
 21
0.0
 31
2251.64372019887
  0
LINE
  5
223
330
70
100
AcDbEntity
  8
MAZE #3 v1_Sketch1
100
AcDbLine
 10
-1824.492693834923
 20
0.0
 30
1494.776588835247
 11
-2250.0
 21
0.0
 31
1494.776588835247
  0
LINE
  5
224
330
70
100
AcDbEntity
  8
MAZE #3 v1_Sketch1
100
AcDbLine
 10
-1100.0
 20
0.0
 30
2193.104102531846
 11
-1100.0
 21
0.0
 31
1450.0
  0
LINE
  5
225
330
70
100
AcDbEntity
  8
MAZE #3 v1_Sketch1
100
AcDbLine
 10
-2250.0
 20
0.0
 30
1494.776588835247
 11
-2250.0
 21
0.0
 31
1450.0
  0
LINE
  5
226
330
70
100
AcDbEntity
  8
MAZE #3 v1_Sketch1
100
AcDbLine
 10
-350.0
 20
0.0
 30
2920.33878815444
 11
-400.0
 21
0.0
 31
2920.33878815444
  0
LINE
  5
227
330
70
100
AcDbEntity
  8
MAZE #3 v1_Sketch1
100
AcDbLine
 10
-400.0
 20
0.0
 30
2950.0
 11
-400.0
 21
0.0
 31
3350.0
  0
LINE
  5
228
330
70
100
AcDbEntity
  8
MAZE #3 v1_Sketch1
100
AcDbLine
 10
-1450.0
 20
0.0
 30
3300.0
 11
-1501.754412724692
 21
0.0
 31
3300.0
  0
LINE
  5
229
330
70
100
AcDbEntity
  8
MAZE #3 v1_Sketch1
100
AcDbLine
 10
-1501.754412724692
 20
0.0
 30
3300.0
 11
-1501.754412724692
 21
0.0
 31
3672.710306475983
  0
LINE
  5
22A
330
70
100
AcDbEntity
  8
MAZE #3 v1_Sketch1
100
AcDbLine
 10
-2200.0
 20
0.0
 30
341.0200455976138
 11
-2200.0
 21
0.0
 31
800.0
  0
LINE
  5
22B
330
70
100
AcDbEntity
  8
MAZE #3 v1_Sketch1
100
AcDbLine
 10
-1869.21174081223
 20
0.0
 30
-42.82575484809996
 11
-1824.492693834923
 21
0.0
 31
-42.82575484809996
  0
LINE
  5
22C
330
70
100
AcDbEntity
  8
MAZE #3 v1_Sketch1
100
AcDbLine
 10
-2250.0
 20
0.0
 30
1450.0
 11
-1869.21174081223
 21
0.0
 31
1450.0
  0
LINE
  5
22D
330
70
100
AcDbEntity
  8
MAZE #3 v1_Sketch1
100
AcDbLine
 10
-758.4398088559334
 20
0.0
 30
2250.0
 11
-758.4398088559334
 21
0.0
 31
3672.710306475983
  0
LINE
  5
22E
330
70
100
AcDbEntity
  8
MAZE #3 v1_Sketch1
100
AcDbLine
 10
-1450.0
 20
0.0
 30
3672.710306475983
 11
-1450.0
 21
0.0
 31
3300.0
  0
LINE
  5
22F
330
70
100
AcDbEntity
  8
MAZE #3 v1_Sketch1
100
AcDbLine
 10
-707.8311549755068
 20
0.0
 30
2193.104102531846
 11
-758.4398088559334
 21
0.0
 31
2193.104102531846
  0
LINE
  5
230
330
70
100
AcDbEntity
  8
MAZE #3 v1_Sketch1
100
AcDbLine
 10
-2200.0
 20
0.0
 30
725.3837926365384
 11
-2200.0
 21
0.0
 31
1139.601034591108
  0
LINE
  5
231
330
70
100
AcDbEntity
  8
MAZE #3 v1_Sketch1
100
AcDbLine
 10
-2236.195016565561
 20
0.0
 30
1068.698984166451
 11
-2236.195016565561
 21
0.0
 31
800.0
  0
LINE
  5
232
330
70
100
AcDbEntity
  8
MAZE #3 v1_Sketch1
100
AcDbLine
 10
-1800.0
 20
0.0
 30
1800.0
 11
-1870.489703848914
 21
0.0
 31
1800.0
  0
LINE
  5
233
330
70
100
AcDbEntity
  8
MAZE #3 v1_Sketch1
100
AcDbLine
 10
-2575.778521231018
 20
0.0
 30
1874.743346888856
 11
-2624.290450468941
 21
0.0
 31
1874.743346888856
  0
LINE
  5
234
330
70
100
AcDbEntity
  8
MAZE #3 v1_Sketch1
100
AcDbLine
 10
-1150.0
 20
0.0
 30
2193.104102531846
 11
-1150.0
 21
0.0
 31
2250.0
  0
LINE
  5
235
330
70
100
AcDbEntity
  8
MAZE #3 v1_Sketch1
100
AcDbLine
 10
-2236.195016565561
 20
0.0
 30
341.0200455976138
 11
-2200.0
 21
0.0
 31
341.0200455976138
  0
LINE
  5
236
330
70
100
AcDbEntity
  8
MAZE #3 v1_Sketch1
100
AcDbLine
 10
-2200.0
 20
0.0
 30
1139.601034591108
 11
-2236.195016565561
 21
0.0
 31
1139.601034591108
  0
LINE
  5
237
330
70
100
AcDbEntity
  8
MAZE #3 v1_Sketch1
100
AcDbLine
 10
-2624.290450468941
 20
0.0
 30
1068.698984166451
 11
-2575.778521231018
 21
0.0
 31
1068.698984166451
  0
LINE
  5
238
330
70
100
AcDbEntity
  8
MAZE #3 v1_Sketch1
100
AcDbLine
 10
0.0
 20
0.0
 30
3300.0
 11
-350.0
 21
0.0
 31
3300.0
  0
LINE
  5
239
330
70
100
AcDbEntity
  8
MAZE #3 v1_Sketch1
100
AcDbLine
 10
-400.0
 20
0.0
 30
3300.0
 11
-400.0
 21
0.0
 31
3350.0
  0
LINE
  5
23A
330
70
100
AcDbEntity
  8
MAZE #3 v1_Sketch1
100
AcDbLine
 10
-2200.0
 20
0.0
 30
1068.698984166451
 11
-2200.0
 21
0.0
 31
1139.601034591108
  0
LINE
  5
23B
330
70
100
AcDbEntity
  8
MAZE #3 v1_Sketch1
100
AcDbLine
 10
-1150.0
 20
0.0
 30
2250.0
 11
-1100.0
 21
0.0
 31
2250.0
  0
LINE
  5
23C
330
70
100
AcDbEntity
  8
MAZE #3 v1_Sketch1
100
AcDbLine
 10
-350.0
 20
0.0
 30
2250.0
 11
-707.8311549755068
 21
0.0
 31
2250.0
  0
LINE
  5
23D
330
70
100
AcDbEntity
  8
MAZE #3 v1_Sketch1
100
AcDbLine
 10
-758.4398088559334
 20
0.0
 30
2950.0
 11
-758.4398088559334
 21
0.0
 31
2920.33878815444
  0
LINE
  5
23E
330
70
100
AcDbEntity
  8
MAZE #3 v1_Sketch1
100
AcDbLine
 10
-2200.0
 20
0.0
 30
725.3837926365384
 11
-2200.0
 21
0.0
 31
800.0
  0
LINE
  5
23F
330
70
100
AcDbEntity
  8
MAZE #3 v1_Sketch1
100
AcDbLine
 10
-2236.195016565561
 20
0.0
 30
800.0
 11
-2950.0
 21
0.0
 31
800.0
  0
LINE
  5
240
330
70
100
AcDbEntity
  8
MAZE #3 v1_Sketch1
100
AcDbLine
 10
-2624.290450468941
 20
0.0
 30
1874.743346888856
 11
-2624.290450468941
 21
0.0
 31
1068.698984166451
  0
LINE
  5
241
330
70
100
AcDbEntity
  8
MAZE #3 v1_Sketch1
100
AcDbLine
 10
-350.0
 20
0.0
 30
3300.0
 11
-350.0
 21
0.0
 31
2920.33878815444
  0
LINE
  5
242
330
70
100
AcDbEntity
  8
MAZE #3 v1_Sketch1
100
AcDbLine
 10
-758.4398088559334
 20
0.0
 30
2193.104102531846
 11
-350.0
 21
0.0
 31
2193.104102531846
  0
LINE
  5
243
330
70
100
AcDbEntity
  8
MAZE #3 v1_Sketch1
100
AcDbLine
 10
-1800.0
 20
0.0
 30
1800.0
 11
-2575.778521231018
 21
0.0
 31
1800.0
  0
LINE
  5
244
330
70
100
AcDbEntity
  8
MAZE #3 v1_Sketch1
100
AcDbLine
 10
-2980.734894464571
 20
0.0
 30
800.0
 11
-2980.734894464571
 21
0.0
 31
725.3837926365384
  0
LINE
  5
245
330
70
100
AcDbEntity
  8
MAZE #3 v1_Sketch1
100
AcDbLine
 10
-1501.754412724692
 20
0.0
 30
3714.325954437793
 11
-1450.0
 21
0.0
 31
3714.325954437793
  0
LINE
  5
246
330
70
100
AcDbEntity
  8
MAZE #3 v1_Sketch1
100
AcDbLine
 10
-2624.290450468941
 20
0.0
 30
1874.743346888856
 11
-1870.489703848914
 21
0.0
 31
1874.743346888856
  0
LINE
  5
247
330
70
100
AcDbEntity
  8
MAZE #3 v1_Sketch1
100
AcDbLine
 10
-350.0
 20
0.0
 30
2193.104102531846
 11
-350.0
 21
0.0
 31
2250.0
  0
LINE
  5
248
330
70
100
AcDbEntity
  8
MAZE #3 v1_Sketch1
100
AcDbLine
 10
-350.0
 20
0.0
 30
2920.33878815444
 11
-350.0
 21
0.0
 31
2950.0
  0
LINE
  5
249
330
70
100
AcDbEntity
  8
MAZE #3 v1_Sketch1
100
AcDbLine
 10
0.0
 20
0.0
 30
3350.0
 11
0.0
 21
0.0
 31
3300.0
  0
LINE
  5
24A
330
70
100
AcDbEntity
  8
MAZE #3 v1_Sketch1
100
AcDbLine
 10
-400.0
 20
0.0
 30
3350.0
 11
0.0
 21
0.0
 31
3350.0
  0
LINE
  5
24B
330
70
100
AcDbEntity
  8
MAZE #3 v1_Sketch1
100
AcDbLine
 10
-2236.195016565561
 20
0.0
 30
725.3837926365384
 11
-2236.195016565561
 21
0.0
 31
341.0200455976138
  0
LINE
  5
24C
330
70
100
AcDbEntity
  8
MAZE #3 v1_Sketch1
100
AcDbLine
 10
-2624.290450468941
 20
0.0
 30
1800.0
 11
-2624.290450468941
 21
0.0
 31
1874.743346888856
  0
LINE
  5
24D
330
70
100
AcDbEntity
  8
MAZE #3 v1_Sketch1
100
AcDbLine
 10
-1870.489703848914
 20
0.0
 30
1874.743346888856
 11
-1870.489703848914
 21
0.0
 31
2200.0
  0
LINE
  5
24E
330
70
100
AcDbEntity
  8
MAZE #3 v1_Sketch1
100
AcDbLine
 10
-2200.0
 20
0.0
 30
1139.601034591108
 11
-2575.778521231018
 21
0.0
 31
1139.601034591108
  0
LINE
  5
24F
330
70
100
AcDbEntity
  8
MAZE #3 v1_Sketch1
100
AcDbLine
 10
-1800.0
 20
0.0
 30
2251.64372019887
 11
-2600.0
 21
0.0
 31
2251.64372019887
  0
LINE
  5
250
330
70
100
AcDbEntity
  8
MAZE #3 v1_Sketch1
100
AcDbLine
 10
-2600.0
 20
0.0
 30
2251.64372019887
 11
-2600.0
 21
0.0
 31
2200.0
  0
LINE
  5
251
330
70
100
AcDbEntity
  8
MAZE #3 v1_Sketch1
100
AcDbLine
 10
-707.8311549755068
 20
0.0
 30
2920.33878815444
 11
-350.0
 21
0.0
 31
2920.33878815444
  0
LINE
  5
252
330
70
100
AcDbEntity
  8
MAZE #3 v1_Sketch1
100
AcDbLine
 10
-2600.0
 20
0.0
 30
2200.0
 11
-1870.489703848914
 21
0.0
 31
2200.0
  0
LINE
  5
253
330
70
100
AcDbEntity
  8
MAZE #3 v1_Sketch1
100
AcDbLine
 10
-400.0
 20
0.0
 30
3350.0
 11
-350.0
 21
0.0
 31
3350.0
  0
LINE
  5
254
330
70
100
AcDbEntity
  8
MAZE #3 v1_Sketch1
100
AcDbLine
 10
-707.8311549755068
 20
0.0
 30
2193.104102531846
 11
-1100.0
 21
0.0
 31
2193.104102531846
  0
LINE
  5
255
330
70
100
AcDbEntity
  8
MAZE #3 v1_Sketch1
100
AcDbLine
 10
-2624.290450468941
 20
0.0
 30
1139.601034591108
 11
-2624.290450468941
 21
0.0
 31
1068.698984166452
  0
LINE
  5
256
330
70
100
AcDbEntity
  8
MAZE #3 v1_Sketch1
100
AcDbLine
 10
-1870.489703848914
 20
0.0
 30
2251.64372019887
 11
-1800.0
 21
0.0
 31
2251.64372019887
  0
LINE
  5
257
330
70
100
AcDbEntity
  8
MAZE #3 v1_Sketch1
100
AcDbLine
 10
-1150.0
 20
0.0
 30
1450.0
 11
-1150.0
 21
0.0
 31
2250.0
  0
LINE
  5
258
330
70
100
AcDbEntity
  8
MAZE #3 v1_Sketch1
100
AcDbLine
 10
-1800.0
 20
0.0
 30
1874.743346888856
 11
-1800.0
 21
0.0
 31
1800.0
  0
LINE
  5
259
330
70
100
AcDbEntity
  8
MAZE #3 v1_Sketch1
100
AcDbLine
 10
-712.8837890222911
 20
0.0
 30
1876.492707233625
 11
-712.8837890222911
 21
0.0
 31
1083.776071090737
  0
LINE
  5
25A
330
70
100
AcDbEntity
  8
MAZE #3 v1_Sketch1
100
AcDbLine
 10
21.29377245158395
 20
0.0
 30
713.0285981869861
 11
21.29377245158395
 21
0.0
 31
1100.0
  0
LINE
  5
25B
330
70
100
AcDbEntity
  8
MAZE #3 v1_Sketch1
100
AcDbLine
 10
-2600.0
 20
0.0
 30
2550.0
 11
-1500.0
 21
0.0
 31
2550.0
  0
LINE
  5
25C
330
70
100
AcDbEntity
  8
MAZE #3 v1_Sketch1
100
AcDbLine
 10
-1150.0
 20
0.0
 30
2600.0
 11
-1150.0
 21
0.0
 31
3350.0
  0
LINE
  5
25D
330
70
100
AcDbEntity
  8
MAZE #3 v1_Sketch1
100
AcDbLine
 10
-1448.326592790514
 20
0.0
 30
2928.416624284217
 11
-1448.326592790514
 21
0.0
 31
2978.396735611797
  0
LINE
  5
25E
330
70
100
AcDbEntity
  8
MAZE #3 v1_Sketch1
100
AcDbLine
 10
-1448.326592790514
 20
0.0
 30
1494.776588835247
 11
-1448.326592790514
 21
0.0
 31
1127.680377092497
  0
LINE
  5
25F
330
70
100
AcDbEntity
  8
MAZE #3 v1_Sketch1
100
AcDbLine
 10
-1500.0
 20
0.0
 30
1127.680377092497
 11
-1500.0
 21
0.0
 31
1083.776071090737
  0
LINE
  5
260
330
70
100
AcDbEntity
  8
MAZE #3 v1_Sketch1
100
AcDbLine
 10
-1450.0
 20
0.0
 30
1494.776588835247
 11
-1448.326592790514
 21
0.0
 31
1494.776588835247
  0
LINE
  5
261
330
70
100
AcDbEntity
  8
MAZE #3 v1_Sketch1
100
AcDbLine
 10
-756.7880950240509
 20
0.0
 30
1127.680377092497
 11
-756.7880950240509
 21
0.0
 31
1876.492707233625
  0
LINE
  5
262
330
70
100
AcDbEntity
  8
MAZE #3 v1_Sketch1
100
AcDbLine
 10
-2600.0
 20
0.0
 30
2600.0
 11
-2600.0
 21
0.0
 31
2550.0
  0
LINE
  5
263
330
70
100
AcDbEntity
  8
MAZE #3 v1_Sketch1
100
AcDbLine
 10
-2600.0
 20
0.0
 30
3300.0
 11
-2600.0
 21
0.0
 31
2550.0
  0
LINE
  5
264
330
70
100
AcDbEntity
  8
MAZE #3 v1_Sketch1
100
AcDbLine
 10
-3350.0
 20
0.0
 30
3350.0
 11
-3350.0
 21
0.0
 31
3300.0
  0
LINE
  5
265
330
70
100
AcDbEntity
  8
MAZE #3 v1_Sketch1
100
AcDbLine
 10
-1100.0
 20
0.0
 30
2550.0
 11
-1450.0
 21
0.0
 31
2550.0
  0
LINE
  5
266
330
70
100
AcDbEntity
  8
MAZE #3 v1_Sketch1
100
AcDbLine
 10
-1450.0
 20
0.0
 30
2600.0
 11
-1500.0
 21
0.0
 31
2600.0
  0
LINE
  5
267
330
70
100
AcDbEntity
  8
MAZE #3 v1_Sketch1
100
AcDbLine
 10
-2224.333584455553
 20
0.0
 30
2928.416624284217
 11
-2224.333584455553
 21
0.0
 31
2978.396735611797
  0
LINE
  5
268
330
70
100
AcDbEntity
  8
MAZE #3 v1_Sketch1
100
AcDbLine
 10
-1448.326592790514
 20
0.0
 30
2978.396735611796
 11
-1824.492693834923
 21
0.0
 31
2978.396735611796
  0
LINE
  5
269
330
70
100
AcDbEntity
  8
MAZE #3 v1_Sketch1
100
AcDbLine
 10
-756.7880950240509
 20
0.0
 30
1127.680377092497
 11
-1448.326592790514
 21
0.0
 31
1127.680377092497
  0
LINE
  5
26A
330
70
100
AcDbEntity
  8
MAZE #3 v1_Sketch1
100
AcDbLine
 10
-1100.0
 20
0.0
 30
2550.0
 11
-1150.0
 21
0.0
 31
2550.0
  0
LINE
  5
26B
330
70
100
AcDbEntity
  8
MAZE #3 v1_Sketch1
100
AcDbLine
 10
-1450.0
 20
0.0
 30
1494.776588835247
 11
-1450.0
 21
0.0
 31
1450.0
  0
LINE
  5
26C
330
70
100
AcDbEntity
  8
MAZE #3 v1_Sketch1
100
AcDbLine
 10
-1500.0
 20
0.0
 30
2600.0
 11
-1150.0
 21
0.0
 31
2600.0
  0
LINE
  5
26D
330
70
100
AcDbEntity
  8
MAZE #3 v1_Sketch1
100
AcDbLine
 10
-1869.21174081223
 20
0.0
 30
1494.776588835247
 11
-1500.0
 21
0.0
 31
1494.776588835247
  0
LINE
  5
26E
330
70
100
AcDbEntity
  8
MAZE #3 v1_Sketch1
100
AcDbLine
 10
-1450.0
 20
0.0
 30
2600.0
 11
-2550.0
 21
0.0
 31
2600.0
  0
LINE
  5
26F
330
70
100
AcDbEntity
  8
MAZE #3 v1_Sketch1
100
AcDbLine
 10
-1863.950676461958
 20
0.0
 30
3300.0
 11
-2550.0
 21
0.0
 31
3300.0
  0
LINE
  5
270
330
70
100
AcDbEntity
  8
MAZE #3 v1_Sketch1
100
AcDbLine
 10
-1863.950676461958
 20
0.0
 30
3300.0
 11
-1863.950676461958
 21
0.0
 31
2978.396735611796
  0
LINE
  5
271
330
70
100
AcDbEntity
  8
MAZE #3 v1_Sketch1
100
AcDbLine
 10
-756.7880950240509
 20
0.0
 30
1876.492707233625
 11
-342.1363161185405
 21
0.0
 31
1876.492707233625
  0
LINE
  5
272
330
70
100
AcDbEntity
  8
MAZE #3 v1_Sketch1
100
AcDbLine
 10
-756.7880950240509
 20
0.0
 30
1827.710145009447
 11
-756.7880950240509
 21
0.0
 31
1876.492707233625
  0
LINE
  5
273
330
70
100
AcDbEntity
  8
MAZE #3 v1_Sketch1
100
AcDbLine
 10
-712.8837890222911
 20
0.0
 30
347.1593815056532
 11
-756.7880950240509
 21
0.0
 31
347.1593815056532
  0
LINE
  5
274
330
70
100
AcDbEntity
  8
MAZE #3 v1_Sketch1
100
AcDbLine
 10
-756.7880950240509
 20
0.0
 30
1876.492707233625
 11
-712.8837890222911
 21
0.0
 31
1876.492707233625
  0
LINE
  5
275
330
70
100
AcDbEntity
  8
MAZE #3 v1_Sketch1
100
AcDbLine
 10
-1500.0
 20
0.0
 30
1083.776071090737
 11
-1500.0
 21
0.0
 31
1450.0
  0
LINE
  5
276
330
70
100
AcDbEntity
  8
MAZE #3 v1_Sketch1
100
AcDbLine
 10
-1100.0
 20
0.0
 30
3350.0
 11
-1100.0
 21
0.0
 31
2550.0
  0
LINE
  5
277
330
70
100
AcDbEntity
  8
MAZE #3 v1_Sketch1
100
AcDbLine
 10
-1824.492693834923
 20
0.0
 30
2928.416624284217
 11
-2224.333584455553
 21
0.0
 31
2928.416624284217
  0
LINE
  5
278
330
70
100
AcDbEntity
  8
MAZE #3 v1_Sketch1
100
AcDbLine
 10
-342.1363161185405
 20
0.0
 30
1827.710145009447
 11
-756.7880950240509
 21
0.0
 31
1827.710145009447
  0
LINE
  5
279
330
70
100
AcDbEntity
  8
MAZE #3 v1_Sketch1
100
AcDbLine
 10
-1125.096439816592
 20
0.0
 30
713.0285981869861
 11
-756.7880950240509
 21
0.0
 31
713.0285981869861
  0
LINE
  5
27A
330
70
100
AcDbEntity
  8
MAZE #3 v1_Sketch1
100
AcDbLine
 10
-2550.0
 20
0.0
 30
3350.0
 11
-3350.0
 21
0.0
 31
3350.0
  0
LINE
  5
27B
330
70
100
AcDbEntity
  8
MAZE #3 v1_Sketch1
100
AcDbLine
 10
-712.8837890222911
 20
0.0
 30
713.0285981869861
 11
-12.85402110534016
 21
0.0
 31
713.0285981869861
  0
LINE
  5
27C
330
70
100
AcDbEntity
  8
MAZE #3 v1_Sketch1
100
AcDbLine
 10
-1824.492693834923
 20
0.0
 30
2978.396735611796
 11
-1824.492693834923
 21
0.0
 31
3350.0
  0
LINE
  5
27D
330
70
100
AcDbEntity
  8
MAZE #3 v1_Sketch1
100
AcDbLine
 10
-1500.0
 20
0.0
 30
1450.0
 11
-1824.492693834923
 21
0.0
 31
1450.0
  0
LINE
  5
27E
330
70
100
AcDbEntity
  8
MAZE #3 v1_Sketch1
100
AcDbLine
 10
-1125.096439816592
 20
0.0
 30
759.3720322999551
 11
-1125.096439816592
 21
0.0
 31
713.0285981869863
  0
LINE
  5
27F
330
70
100
AcDbEntity
  8
MAZE #3 v1_Sketch1
100
AcDbLine
 10
-1500.0
 20
0.0
 30
2550.0
 11
-1500.0
 21
0.0
 31
1494.776588835247
  0
LINE
  5
280
330
70
100
AcDbEntity
  8
MAZE #3 v1_Sketch1
100
AcDbLine
 10
-12.85402110534022
 20
0.0
 30
759.3720322999551
 11
-712.8837890222912
 21
0.0
 31
759.3720322999551
  0
LINE
  5
281
330
70
100
AcDbEntity
  8
MAZE #3 v1_Sketch1
100
AcDbLine
 10
-1500.0
 20
0.0
 30
1083.776071090737
 11
-756.7880950240509
 21
0.0
 31
1083.776071090737
  0
LINE
  5
282
330
70
100
AcDbEntity
  8
MAZE #3 v1_Sketch1
100
AcDbLine
 10
-1450.0
 20
0.0
 30
1450.0
 11
-1450.0
 21
0.0
 31
2550.0
  0
LINE
  5
283
330
70
100
AcDbEntity
  8
MAZE #3 v1_Sketch1
100
AcDbLine
 10
-12.85402110534022
 20
0.0
 30
1137.436889537333
 11
-12.85402110534022
 21
0.0
 31
759.3720322999551
  0
LINE
  5
284
330
70
100
AcDbEntity
  8
MAZE #3 v1_Sketch1
100
AcDbLine
 10
-12.85402110534022
 20
0.0
 30
1137.436889537333
 11
750.0
 21
0.0
 31
1137.436889537333
  0
LINE
  5
285
330
70
100
AcDbEntity
  8
MAZE #3 v1_Sketch1
100
AcDbLine
 10
-2600.0
 20
0.0
 30
3350.0
 11
-1824.492693834923
 21
0.0
 31
3350.0
  0
LINE
  5
286
330
70
100
AcDbEntity
  8
MAZE #3 v1_Sketch1
100
AcDbLine
 10
-2550.0
 20
0.0
 30
3350.0
 11
-2600.0
 21
0.0
 31
3350.0
  0
LINE
  5
287
330
70
100
AcDbEntity
  8
MAZE #3 v1_Sketch1
100
AcDbLine
 10
-756.7880950240509
 20
0.0
 30
759.3720322999551
 11
-1125.096439816592
 21
0.0
 31
759.3720322999551
  0
LINE
  5
288
330
70
100
AcDbEntity
  8
MAZE #3 v1_Sketch1
100
AcDbLine
 10
21.29377245158395
 20
0.0
 30
1137.436889537333
 11
-12.85402110534022
 21
0.0
 31
1137.436889537333
  0
LINE
  5
289
330
70
100
AcDbEntity
  8
MAZE #3 v1_Sketch1
100
AcDbLine
 10
-1448.326592790514
 20
0.0
 30
1083.776071090737
 11
-1500.0
 21
0.0
 31
1083.776071090737
  0
LINE
  5
28A
330
70
100
AcDbEntity
  8
MAZE #3 v1_Sketch1
100
AcDbLine
 10
750.0
 20
0.0
 30
1137.436889537333
 11
750.0
 21
0.0
 31
1100.0
  0
LINE
  5
28B
330
70
100
AcDbEntity
  8
MAZE #3 v1_Sketch1
100
AcDbLine
 10
-1824.492693834923
 20
0.0
 30
3350.0
 11
-1863.950676461958
 21
0.0
 31
3350.0
  0
LINE
  5
28C
330
70
100
AcDbEntity
  8
MAZE #3 v1_Sketch1
100
AcDbLine
 10
-2600.0
 20
0.0
 30
2550.0
 11
-2550.0
 21
0.0
 31
2550.0
  0
LINE
  5
28D
330
70
100
AcDbEntity
  8
MAZE #3 v1_Sketch1
100
AcDbLine
 10
-3350.0
 20
0.0
 30
3300.0
 11
-2600.0
 21
0.0
 31
3300.0
  0
LINE
  5
28E
330
70
100
AcDbEntity
  8
MAZE #3 v1_Sketch1
100
AcDbLine
 10
-1863.950676461958
 20
0.0
 30
2928.416624284217
 11
-1448.326592790514
 21
0.0
 31
2928.416624284217
  0
LINE
  5
28F
330
70
100
AcDbEntity
  8
MAZE #3 v1_Sketch1
100
AcDbLine
 10
-342.1363161185405
 20
0.0
 30
1876.492707233625
 11
-342.1363161185405
 21
0.0
 31
1827.710145009447
  0
LINE
  5
290
330
70
100
AcDbEntity
  8
MAZE #3 v1_Sketch1
100
AcDbLine
 10
-1150.0
 20
0.0
 30
3350.0
 11
-1100.0
 21
0.0
 31
3350.0
  0
LINE
  5
291
330
70
100
AcDbEntity
  8
MAZE #3 v1_Sketch1
100
AcDbLine
 10
-1100.0
 20
0.0
 30
2600.0
 11
-1100.0
 21
0.0
 31
2550.0
  0
LINE
  5
292
330
70
100
AcDbEntity
  8
MAZE #3 v1_Sketch1
100
AcDbLine
 10
-712.8837890222911
 20
0.0
 30
1083.776071090737
 11
-712.8837890222911
 21
0.0
 31
1127.680377092497
  0
LINE
  5
293
330
70
100
AcDbEntity
  8
MAZE #3 v1_Sketch1
100
AcDbLine
 10
-2550.0
 20
0.0
 30
2600.0
 11
-2550.0
 21
0.0
 31
3300.0
  0
LINE
  5
294
330
70
100
AcDbEntity
  8
MAZE #3 v1_Sketch1
100
AcDbLine
 10
21.29377245158395
 20
0.0
 30
713.0285981869861
 11
21.29377245158395
 21
0.0
 31
759.3720322999551
  0
LINE
  5
295
330
70
100
AcDbEntity
  8
MAZE #3 v1_Sketch1
100
AcDbLine
 10
750.0
 20
0.0
 30
1100.0
 11
21.29377245158389
 21
0.0
 31
1100.0
  0
LINE
  5
296
330
70
100
AcDbEntity
  8
MAZE #3 v1_Sketch1
100
AcDbLine
 10
-1824.492693834923
 20
0.0
 30
3350.0
 11
-1824.492693834923
 21
0.0
 31
3300.0
  0
LINE
  5
297
330
70
100
AcDbEntity
  8
MAZE #3 v1_Sketch1
100
AcDbLine
 10
-1863.950676461958
 20
0.0
 30
2928.416624284217
 11
-1824.492693834923
 21
0.0
 31
2928.416624284217
  0
LINE
  5
298
330
70
100
AcDbEntity
  8
MAZE #3 v1_Sketch1
100
AcDbLine
 10
-2224.333584455553
 20
0.0
 30
2978.396735611796
 11
-1863.950676461958
 21
0.0
 31
2978.396735611796
  0
LINE
  5
299
330
70
100
AcDbEntity
  8
MAZE #3 v1_Sketch1
100
AcDbLine
 10
-750.0
 20
0.0
 30
-400.0
 11
-750.0
 21
0.0
 31
-350.0
  0
LINE
  5
29A
330
70
100
AcDbEntity
  8
MAZE #3 v1_Sketch1
100
AcDbLine
 10
-1081.192133814833
 20
0.0
 30
350.0
 11
-1081.192133814833
 21
0.0
 31
388.6245593962042
  0
LINE
  5
29B
330
70
100
AcDbEntity
  8
MAZE #3 v1_Sketch1
100
AcDbLine
 10
-750.0
 20
0.0
 30
-350.0
 11
-700.0
 21
0.0
 31
-350.0
  0
LINE
  5
29C
330
70
100
AcDbEntity
  8
MAZE #3 v1_Sketch1
100
AcDbLine
 10
0.0
 20
0.0
 30
0.0
 11
-1081.192133814833
 21
0.0
 31
0.0
  0
LINE
  5
29D
330
70
100
AcDbEntity
  8
MAZE #3 v1_Sketch1
100
AcDbLine
 10
-1500.0
 20
0.0
 30
725.9754169935736
 11
-1500.0
 21
0.0
 31
350.0
  0
LINE
  5
29E
330
70
100
AcDbEntity
  8
MAZE #3 v1_Sketch1
100
AcDbLine
 10
-1437.30483805133
 20
0.0
 30
771.5676728559994
 11
-1500.0
 21
0.0
 31
771.5676728559994
  0
LINE
  5
29F
330
70
100
AcDbEntity
  8
MAZE #3 v1_Sketch1
100
AcDbLine
 10
-1081.192133814833
 20
0.0
 30
388.6245593962042
 11
-1437.30483805133
 21
0.0
 31
388.6245593962042
  0
LINE
  5
2A0
330
70
100
AcDbEntity
  8
MAZE #3 v1_Sketch1
100
AcDbLine
 10
-1500.0
 20
0.0
 30
350.0
 11
-1437.30483805133
 21
0.0
 31
350.0
  0
LINE
  5
2A1
330
70
100
AcDbEntity
  8
MAZE #3 v1_Sketch1
100
AcDbLine
 10
0.0
 20
0.0
 30
0.0
 11
50.0
 21
0.0
 31
0.0
  0
LINE
  5
2A2
330
70
100
AcDbEntity
  8
MAZE #3 v1_Sketch1
100
AcDbLine
 10
-700.0
 20
0.0
 30
-400.0
 11
-700.0
 21
0.0
 31
-1150.0
  0
LINE
  5
2A3
330
70
100
AcDbEntity
  8
MAZE #3 v1_Sketch1
100
AcDbLine
 10
1100.0
 20
0.0
 30
-350.0
 11
1135.975319274045
 21
0.0
 31
-350.0
  0
LINE
  5
2A4
330
70
100
AcDbEntity
  8
MAZE #3 v1_Sketch1
100
AcDbLine
 10
399.358629688962
 20
0.0
 30
349.5985096168622
 11
399.358629688962
 21
0.0
 31
386.1854312849955
  0
LINE
  5
2A5
330
70
100
AcDbEntity
  8
MAZE #3 v1_Sketch1
100
AcDbLine
 10
1100.0
 20
0.0
 30
-1128.513125775723
 11
1100.0
 21
0.0
 31
-406.5312048578932
  0
LINE
  5
2A6
330
70
100
AcDbEntity
  8
MAZE #3 v1_Sketch1
100
AcDbLine
 10
-1437.30483805133
 20
0.0
 30
771.5676728559994
 11
-1824.492693834923
 21
0.0
 31
771.5676728559994
  0
LINE
  5
2A7
330
70
100
AcDbEntity
  8
MAZE #3 v1_Sketch1
100
AcDbLine
 10
-1869.62904296822
 20
0.0
 30
-774.8395496504347
 11
-1869.62904296822
 21
0.0
 31
-739.2565628878617
  0
LINE
  5
2A8
330
70
100
AcDbEntity
  8
MAZE #3 v1_Sketch1
100
AcDbLine
 10
-700.0
 20
0.0
 30
-739.2565628878617
 11
-700.0
 21
0.0
 31
-774.8395496504347
  0
LINE
  5
2A9
330
70
100
AcDbEntity
  8
MAZE #3 v1_Sketch1
100
AcDbLine
 10
-12.85402110534022
 20
0.0
 30
1100.0
 11
-12.85402110534022
 21
0.0
 31
1137.436889537333
  0
LINE
  5
2AA
330
70
100
AcDbEntity
  8
MAZE #3 v1_Sketch1
100
AcDbLine
 10
353.0151955759928
 20
0.0
 30
349.5985096168622
 11
353.0151955759928
 21
0.0
 31
-774.8395496504347
  0
LINE
  5
2AB
330
70
100
AcDbEntity
  8
MAZE #3 v1_Sketch1
100
AcDbLine
 10
723.7626684797433
 20
0.0
 30
-1087.047947885172
 11
723.7626684797433
 21
0.0
 31
388.6245593962042
  0
LINE
  5
2AC
330
70
100
AcDbEntity
  8
MAZE #3 v1_Sketch1
100
AcDbLine
 10
1500.0
 20
0.0
 30
-406.5312048578931
 11
1500.0
 21
0.0
 31
-350.0
  0
LINE
  5
2AD
330
70
100
AcDbEntity
  8
MAZE #3 v1_Sketch1
100
AcDbLine
 10
-1123.954160686096
 20
0.0
 30
-739.2565628878617
 11
-1067.522286132734
 21
0.0
 31
-739.2565628878617
  0
LINE
  5
2AE
330
70
100
AcDbEntity
  8
MAZE #3 v1_Sketch1
100
AcDbLine
 10
-1067.522286132734
 20
0.0
 30
-774.8395496504347
 11
-1067.522286132734
 21
0.0
 31
-2596.46204177577
  0
LINE
  5
2AF
330
70
100
AcDbEntity
  8
MAZE #3 v1_Sketch1
100
AcDbLine
 10
-381.162365897882
 20
0.0
 30
349.5985096168622
 11
-381.162365897882
 21
0.0
 31
386.1854312849955
  0
LINE
  5
2B0
330
70
100
AcDbEntity
  8
MAZE #3 v1_Sketch1
100
AcDbLine
 10
399.358629688962
 20
0.0
 30
-774.8395496504347
 11
399.358629688962
 21
0.0
 31
386.1854312849955
  0
LINE
  5
2B1
330
70
100
AcDbEntity
  8
MAZE #3 v1_Sketch1
100
AcDbLine
 10
0.0
 20
0.0
 30
-400.0
 11
-700.0
 21
0.0
 31
-400.0
  0
LINE
  5
2B2
330
70
100
AcDbEntity
  8
MAZE #3 v1_Sketch1
100
AcDbLine
 10
1500.0
 20
0.0
 30
-350.0
 11
770.106102592712
 21
0.0
 31
-350.0
  0
LINE
  5
2B3
330
70
100
AcDbEntity
  8
MAZE #3 v1_Sketch1
100
AcDbLine
 10
-1067.522286132734
 20
0.0
 30
-2596.46204177577
 11
-1123.954160686096
 21
0.0
 31
-2596.46204177577
  0
LINE
  5
2B4
330
70
100
AcDbEntity
  8
MAZE #3 v1_Sketch1
100
AcDbLine
 10
353.0151955759928
 20
0.0
 30
-774.8395496504347
 11
399.358629688962
 21
0.0
 31
-774.8395496504347
  0
LINE
  5
2B5
330
70
100
AcDbEntity
  8
MAZE #3 v1_Sketch1
100
AcDbLine
 10
-1127.535567927802
 20
0.0
 30
350.0
 11
-1127.535567927802
 21
0.0
 31
-387.0181799682217
  0
LINE
  5
2B6
330
70
100
AcDbEntity
  8
MAZE #3 v1_Sketch1
100
AcDbLine
 10
50.0
 20
0.0
 30
-1150.0
 11
0.0
 21
0.0
 31
-1150.0
  0
LINE
  5
2B7
330
70
100
AcDbEntity
  8
MAZE #3 v1_Sketch1
100
AcDbLine
 10
1135.975319274045
 20
0.0
 30
-406.5312048578931
 11
1135.975319274045
 21
0.0
 31
-1128.513125775723
  0
LINE
  5
2B8
330
70
100
AcDbEntity
  8
MAZE #3 v1_Sketch1
100
AcDbLine
 10
723.7626684797433
 20
0.0
 30
-350.0
 11
723.7626684797433
 21
0.0
 31
-406.5312048578931
  0
LINE
  5
2B9
330
70
100
AcDbEntity
  8
MAZE #3 v1_Sketch1
100
AcDbLine
 10
723.7626684797433
 20
0.0
 30
388.6245593962042
 11
770.106102592712
 21
0.0
 31
388.6245593962042
  0
LINE
  5
2BA
330
70
100
AcDbEntity
  8
MAZE #3 v1_Sketch1
100
AcDbLine
 10
-1123.954160686096
 20
0.0
 30
-2559.947299417713
 11
-1123.954160686096
 21
0.0
 31
-774.8395496504344
  0
LINE
  5
2BB
330
70
100
AcDbEntity
  8
MAZE #3 v1_Sketch1
100
AcDbLine
 10
50.0
 20
0.0
 30
-350.0
 11
50.0
 21
0.0
 31
-400.0
  0
LINE
  5
2BC
330
70
100
AcDbEntity
  8
MAZE #3 v1_Sketch1
100
AcDbLine
 10
21.29377245158395
 20
0.0
 30
349.5985096168622
 11
-12.85402110534022
 21
0.0
 31
349.5985096168622
  0
LINE
  5
2BD
330
70
100
AcDbEntity
  8
MAZE #3 v1_Sketch1
100
AcDbLine
 10
21.29377245158395
 20
0.0
 30
349.5985096168622
 11
-381.162365897882
 21
0.0
 31
349.5985096168622
  0
LINE
  5
2BE
330
70
100
AcDbEntity
  8
MAZE #3 v1_Sketch1
100
AcDbLine
 10
-1067.522286132734
 20
0.0
 30
-2596.46204177577
 11
-2229.354997525483
 21
0.0
 31
-2596.46204177577
  0
LINE
  5
2BF
330
70
100
AcDbEntity
  8
MAZE #3 v1_Sketch1
100
AcDbLine
 10
399.358629688962
 20
0.0
 30
386.1854312849955
 11
353.0151955759928
 21
0.0
 31
386.1854312849955
  0
LINE
  5
2C0
330
70
100
AcDbEntity
  8
MAZE #3 v1_Sketch1
100
AcDbLine
 10
399.358629688962
 20
0.0
 30
386.1854312849955
 11
21.29377245158395
 21
0.0
 31
386.1854312849955
  0
LINE
  5
2C1
330
70
100
AcDbEntity
  8
MAZE #3 v1_Sketch1
100
AcDbLine
 10
-1081.192133814833
 20
0.0
 30
388.6245593962042
 11
-1127.535567927802
 21
0.0
 31
388.6245593962042
  0
LINE
  5
2C2
330
70
100
AcDbEntity
  8
MAZE #3 v1_Sketch1
100
AcDbLine
 10
-381.162365897882
 20
0.0
 30
386.1854312849955
 11
-12.85402110534022
 21
0.0
 31
386.1854312849955
  0
LINE
  5
2C3
330
70
100
AcDbEntity
  8
MAZE #3 v1_Sketch1
100
AcDbLine
 10
-750.0
 20
0.0
 30
-350.0
 11
0.0
 21
0.0
 31
-350.0
  0
LINE
  5
2C4
330
70
100
AcDbEntity
  8
MAZE #3 v1_Sketch1
100
AcDbLine
 10
1135.975319274045
 20
0.0
 30
-1128.513125775723
 11
1100.0
 21
0.0
 31
-1128.513125775723
  0
LINE
  5
2C5
330
70
100
AcDbEntity
  8
MAZE #3 v1_Sketch1
100
AcDbLine
 10
-1824.492693834923
 20
0.0
 30
725.9754169935736
 11
-1500.0
 21
0.0
 31
725.9754169935736
  0
LINE
  5
2C6
330
70
100
AcDbEntity
  8
MAZE #3 v1_Sketch1
100
AcDbLine
 10
-2229.354997525483
 20
0.0
 30
-2596.46204177577
 11
-2229.354997525483
 21
0.0
 31
-2559.947299417712
  0
LINE
  5
2C7
330
70
100
AcDbEntity
  8
MAZE #3 v1_Sketch1
100
AcDbLine
 10
-1869.21174081223
 20
0.0
 30
771.5676728559994
 11
-1869.21174081223
 21
0.0
 31
725.9754169935736
  0
LINE
  5
2C8
330
70
100
AcDbEntity
  8
MAZE #3 v1_Sketch1
100
AcDbLine
 10
-1869.62904296822
 20
0.0
 30
-739.2565628878617
 11
-750.0
 21
0.0
 31
-739.2565628878617
  0
LINE
  5
2C9
330
70
100
AcDbEntity
  8
MAZE #3 v1_Sketch1
100
AcDbLine
 10
50.0
 20
0.0
 30
0.0
 11
49.99999999999985
 21
0.0
 31
-1087.047947885172
  0
LINE
  5
2CA
330
70
100
AcDbEntity
  8
MAZE #3 v1_Sketch1
100
AcDbLine
 10
-12.85402110534022
 20
0.0
 30
349.5985096168622
 11
353.0151955759928
 21
0.0
 31
349.5985096168622
  0
LINE
  5
2CB
330
70
100
AcDbEntity
  8
MAZE #3 v1_Sketch1
100
AcDbLine
 10
770.106102592712
 20
0.0
 30
-1150.0
 11
723.7626684797433
 21
0.0
 31
-1150.0
  0
LINE
  5
2CC
330
70
100
AcDbEntity
  8
MAZE #3 v1_Sketch1
100
AcDbLine
 10
723.7626684797433
 20
0.0
 30
-1087.047947885172
 11
49.99999999999977
 21
0.0
 31
-1087.047947885172
  0
LINE
  5
2CD
330
70
100
AcDbEntity
  8
MAZE #3 v1_Sketch1
100
AcDbLine
 10
770.106102592712
 20
0.0
 30
-1150.0
 11
770.106102592712
 21
0.0
 31
-1087.047947885172
  0
LINE
  5
2CE
330
70
100
AcDbEntity
  8
MAZE #3 v1_Sketch1
100
AcDbLine
 10
-1437.30483805133
 20
0.0
 30
388.6245593962042
 11
-1437.30483805133
 21
0.0
 31
771.5676728559994
  0
LINE
  5
2CF
330
70
100
AcDbEntity
  8
MAZE #3 v1_Sketch1
100
AcDbLine
 10
-1500.0
 20
0.0
 30
350.0
 11
-1127.535567927802
 21
0.0
 31
350.0
  0
LINE
  5
2D0
330
70
100
AcDbEntity
  8
MAZE #3 v1_Sketch1
100
AcDbLine
 10
-700.0
 20
0.0
 30
-1150.0
 11
-750.0
 21
0.0
 31
-1150.0
  0
LINE
  5
2D1
330
70
100
AcDbEntity
  8
MAZE #3 v1_Sketch1
100
AcDbLine
 10
0.0
 20
0.0
 30
-1087.047947885172
 11
0.0
 21
0.0
 31
-1150.0
  0
LINE
  5
2D2
330
70
100
AcDbEntity
  8
MAZE #3 v1_Sketch1
100
AcDbLine
 10
-1081.192133814833
 20
0.0
 30
-33.34460384293315
 11
0.0
 21
0.0
 31
-33.34460384293315
  0
LINE
  5
2D3
330
70
100
AcDbEntity
  8
MAZE #3 v1_Sketch1
100
AcDbLine
 10
21.29377245158395
 20
0.0
 30
759.3720322999551
 11
21.29377245158395
 21
0.0
 31
386.1854312849956
  0
LINE
  5
2D4
330
70
100
AcDbEntity
  8
MAZE #3 v1_Sketch1
100
AcDbLine
 10
-12.85402110534022
 20
0.0
 30
386.1854312849955
 11
-12.85402110534022
 21
0.0
 31
713.0285981869861
  0
LINE
  5
2D5
330
70
100
AcDbEntity
  8
MAZE #3 v1_Sketch1
100
AcDbLine
 10
-1127.535567927802
 20
0.0
 30
0.0
 11
-1127.535567927802
 21
0.0
 31
-33.34460384293315
  0
LINE
  5
2D6
330
70
100
AcDbEntity
  8
MAZE #3 v1_Sketch1
100
AcDbLine
 10
-1437.30483805133
 20
0.0
 30
725.9754169935736
 11
-1437.30483805133
 21
0.0
 31
771.5676728559994
  0
LINE
  5
2D7
330
70
100
AcDbEntity
  8
MAZE #3 v1_Sketch1
100
AcDbLine
 10
-1500.0
 20
0.0
 30
388.6245593962042
 11
-1500.0
 21
0.0
 31
350.0
  0
LINE
  5
2D8
330
70
100
AcDbEntity
  8
MAZE #3 v1_Sketch1
100
AcDbLine
 10
-1127.535567927802
 20
0.0
 30
-387.0181799682218
 11
-1081.192133814833
 21
0.0
 31
-387.0181799682218
  0
LINE
  5
2D9
330
70
100
AcDbEntity
  8
MAZE #3 v1_Sketch1
100
AcDbLine
 10
333.3160116036641
 20
0.0
 30
-1150.0
 11
333.3160116036641
 21
0.0
 31
-2553.308255352611
  0
LINE
  5
2DA
330
70
100
AcDbEntity
  8
MAZE #3 v1_Sketch1
100
AcDbLine
 10
-400.0
 20
0.0
 30
-1500.0
 11
-340.5469610041297
 21
0.0
 31
-1500.0
  0
LINE
  5
2DB
330
70
100
AcDbEntity
  8
MAZE #3 v1_Sketch1
100
AcDbLine
 10
-400.0
 20
0.0
 30
-1500.0
 11
-15.2338018141603
 21
0.0
 31
-1500.0
  0
LINE
  5
2DC
330
70
100
AcDbEntity
  8
MAZE #3 v1_Sketch1
100
AcDbLine
 10
1458.633980638355
 20
0.0
 30
-1461.185506643428
 11
728.3391334771983
 21
0.0
 31
-1461.185506643428
  0
LINE
  5
2DD
330
70
100
AcDbEntity
  8
MAZE #3 v1_Sketch1
100
AcDbLine
 10
-15.2338018141603
 20
0.0
 30
-2596.46204177577
 11
-15.2338018141603
 21
0.0
 31
-2553.308255352611
  0
LINE
  5
2DE
330
70
100
AcDbEntity
  8
MAZE #3 v1_Sketch1
100
AcDbLine
 10
31.23950664154961
 20
0.0
 30
-2596.46204177577
 11
31.23950664154961
 21
0.0
 31
-2984.846119584203
  0
LINE
  5
2DF
330
70
100
AcDbEntity
  8
MAZE #3 v1_Sketch1
100
AcDbLine
 10
-400.0
 20
0.0
 30
-1447.907418513225
 11
-400.0
 21
0.0
 31
-1500.0
  0
LINE
  5
2E0
330
70
100
AcDbEntity
  8
MAZE #3 v1_Sketch1
100
AcDbLine
 10
385.053051296356
 20
0.0
 30
-2553.308255352611
 11
385.053051296356
 21
0.0
 31
-2596.46204177577
  0
LINE
  5
2E1
330
70
100
AcDbEntity
  8
MAZE #3 v1_Sketch1
100
AcDbLine
 10
-709.0139066172585
 20
0.0
 30
-1886.084326809918
 11
-330.5883949064778
 21
0.0
 31
-1886.084326809918
  0
LINE
  5
2E2
330
70
100
AcDbEntity
  8
MAZE #3 v1_Sketch1
100
AcDbLine
 10
-330.5883949064778
 20
0.0
 30
-1816.374364126353
 11
-709.0139066172585
 21
0.0
 31
-1816.374364126353
  0
LINE
  5
2E3
330
70
100
AcDbEntity
  8
MAZE #3 v1_Sketch1
100
AcDbLine
 10
31.23950664154961
 20
0.0
 30
-1447.907418513225
 11
-340.5469610041297
 21
0.0
 31
-1447.907418513225
  0
LINE
  5
2E4
330
70
100
AcDbEntity
  8
MAZE #3 v1_Sketch1
100
AcDbLine
 10
-709.0139066172585
 20
0.0
 30
-2241.273184292845
 11
-709.0139066172585
 21
0.0
 31
-3353.313065197332
  0
LINE
  5
2E5
330
70
100
AcDbEntity
  8
MAZE #3 v1_Sketch1
100
AcDbLine
 10
-709.0139066172585
 20
0.0
 30
-3353.313065197331
 11
-762.1262591380698
 21
0.0
 31
-3353.313065197331
  0
LINE
  5
2E6
330
70
100
AcDbEntity
  8
MAZE #3 v1_Sketch1
100
AcDbLine
 10
333.3160116036641
 20
0.0
 30
-1841.754994830471
 11
333.3160116036641
 21
0.0
 31
-1896.04289290757
  0
LINE
  5
2E7
330
70
100
AcDbEntity
  8
MAZE #3 v1_Sketch1
100
AcDbLine
 10
2200.0
 20
0.0
 30
-2600.0
 11
2245.360702352872
 21
0.0
 31
-2600.0
  0
LINE
  5
2E8
330
70
100
AcDbEntity
  8
MAZE #3 v1_Sketch1
100
AcDbLine
 10
1500.0
 20
0.0
 30
-2200.0
 11
1458.633980638354
 21
0.0
 31
-2200.0
  0
LINE
  5
2E9
330
70
100
AcDbEntity
  8
MAZE #3 v1_Sketch1
100
AcDbLine
 10
1873.574234707193
 20
0.0
 30
-2241.273184292845
 11
1500.0
 21
0.0
 31
-2241.273184292845
  0
LINE
  5
2EA
330
70
100
AcDbEntity
  8
MAZE #3 v1_Sketch1
100
AcDbLine
 10
-709.0139066172585
 20
0.0
 30
-2241.273184292845
 11
-15.23380181416019
 21
0.0
 31
-2241.273184292845
  0
LINE
  5
2EB
330
70
100
AcDbEntity
  8
MAZE #3 v1_Sketch1
100
AcDbLine
 10
2245.360702352872
 20
0.0
 30
-1896.04289290757
 11
2245.360702352872
 21
0.0
 31
-1841.754994830471
  0
LINE
  5
2EC
330
70
100
AcDbEntity
  8
MAZE #3 v1_Sketch1
100
AcDbLine
 10
-340.5469610041297
 20
0.0
 30
-1447.907418513225
 11
-340.5469610041297
 21
0.0
 31
-710.9735272869674
  0
LINE
  5
2ED
330
70
100
AcDbEntity
  8
MAZE #3 v1_Sketch1
100
AcDbLine
 10
1090.167035025225
 20
0.0
 30
-2600.0
 11
1090.167035025225
 21
0.0
 31
-2556.627777385161
  0
LINE
  5
2EE
330
70
100
AcDbEntity
  8
MAZE #3 v1_Sketch1
100
AcDbLine
 10
385.053051296356
 20
0.0
 30
-1896.04289290757
 11
2200.0
 21
0.0
 31
-1896.04289290757
  0
LINE
  5
2EF
330
70
100
AcDbEntity
  8
MAZE #3 v1_Sketch1
100
AcDbLine
 10
31.23950664154961
 20
0.0
 30
-2553.308255352611
 11
333.3160116036641
 21
0.0
 31
-2553.308255352611
  0
LINE
  5
2F0
330
70
100
AcDbEntity
  8
MAZE #3 v1_Sketch1
100
AcDbLine
 10
1458.633980638354
 20
0.0
 30
-1896.04289290757
 11
1500.0
 21
0.0
 31
-1896.04289290757
  0
LINE
  5
2F1
330
70
100
AcDbEntity
  8
MAZE #3 v1_Sketch1
100
AcDbLine
 10
-1067.522286132734
 20
0.0
 30
-2559.947299417713
 11
-1067.522286132734
 21
0.0
 31
-2596.46204177577
  0
LINE
  5
2F2
330
70
100
AcDbEntity
  8
MAZE #3 v1_Sketch1
100
AcDbLine
 10
1458.633980638354
 20
0.0
 30
-717.612571352069
 11
1873.574234707193
 21
0.0
 31
-717.612571352069
  0
LINE
  5
2F3
330
70
100
AcDbEntity
  8
MAZE #3 v1_Sketch1
100
AcDbLine
 10
1458.633980638354
 20
0.0
 30
-757.4468357426773
 11
1458.633980638354
 21
0.0
 31
-717.612571352069
  0
LINE
  5
2F4
330
70
100
AcDbEntity
  8
MAZE #3 v1_Sketch1
100
AcDbLine
 10
31.23950664154961
 20
0.0
 30
-1500.0
 11
31.23950664154961
 21
0.0
 31
-1447.907418513225
  0
LINE
  5
2F5
330
70
100
AcDbEntity
  8
MAZE #3 v1_Sketch1
100
AcDbLine
 10
-15.2338018141603
 20
0.0
 30
-2984.846119584203
 11
-15.2338018141603
 21
0.0
 31
-2553.308255352611
  0
LINE
  5
2F6
330
70
100
AcDbEntity
  8
MAZE #3 v1_Sketch1
100
AcDbLine
 10
2245.360702352872
 20
0.0
 30
-1841.754994830471
 11
2200.0
 21
0.0
 31
-1841.754994830471
  0
LINE
  5
2F7
330
70
100
AcDbEntity
  8
MAZE #3 v1_Sketch1
100
AcDbLine
 10
1873.574234707193
 20
0.0
 30
-2200.0
 11
1873.574234707193
 21
0.0
 31
-2241.273184292845
  0
LINE
  5
2F8
330
70
100
AcDbEntity
  8
MAZE #3 v1_Sketch1
100
AcDbLine
 10
-400.0
 20
0.0
 30
-710.9735272869673
 11
-400.0
 21
0.0
 31
-1500.0
  0
LINE
  5
2F9
330
70
100
AcDbEntity
  8
MAZE #3 v1_Sketch1
100
AcDbLine
 10
-2229.354997525483
 20
0.0
 30
-2559.947299417713
 11
-1123.954160686096
 21
0.0
 31
-2559.947299417713
  0
LINE
  5
2FA
330
70
100
AcDbEntity
  8
MAZE #3 v1_Sketch1
100
AcDbLine
 10
1500.0
 20
0.0
 30
-717.612571352069
 11
1458.633980638354
 21
0.0
 31
-717.612571352069
  0
LINE
  5
2FB
330
70
100
AcDbEntity
  8
MAZE #3 v1_Sketch1
100
AcDbLine
 10
1873.574234707193
 20
0.0
 30
-717.612571352069
 11
1873.574234707193
 21
0.0
 31
-757.4468357426773
  0
LINE
  5
2FC
330
70
100
AcDbEntity
  8
MAZE #3 v1_Sketch1
100
AcDbLine
 10
1458.633980638354
 20
0.0
 30
-2200.0
 11
1873.574234707193
 21
0.0
 31
-2200.0
  0
LINE
  5
2FD
330
70
100
AcDbEntity
  8
MAZE #3 v1_Sketch1
100
AcDbLine
 10
1873.574234707193
 20
0.0
 30
-757.4468357426773
 11
1500.0
 21
0.0
 31
-757.4468357426773
  0
LINE
  5
2FE
330
70
100
AcDbEntity
  8
MAZE #3 v1_Sketch1
100
AcDbLine
 10
728.3391334771983
 20
0.0
 30
-1461.185506643428
 11
728.3391334771983
 21
0.0
 31
-1487.741682903833
  0
LINE
  5
2FF
330
70
100
AcDbEntity
  8
MAZE #3 v1_Sketch1
100
AcDbLine
 10
1500.0
 20
0.0
 30
-1841.754994830471
 11
1500.0
 21
0.0
 31
-757.4468357426773
  0
LINE
  5
300
330
70
100
AcDbEntity
  8
MAZE #3 v1_Sketch1
100
AcDbLine
 10
728.3391334771983
 20
0.0
 30
-1487.741682903833
 11
1458.633980638355
 21
0.0
 31
-1487.741682903833
  0
LINE
  5
301
330
70
100
AcDbEntity
  8
MAZE #3 v1_Sketch1
100
AcDbLine
 10
31.23950664154961
 20
0.0
 30
-2553.308255352611
 11
31.23950664154961
 21
0.0
 31
-1447.907418513225
  0
LINE
  5
302
330
70
100
AcDbEntity
  8
MAZE #3 v1_Sketch1
100
AcDbLine
 10
1458.633980638354
 20
0.0
 30
-3000.0
 11
1458.633980638354
 21
0.0
 31
-2600.0
  0
LINE
  5
303
330
70
100
AcDbEntity
  8
MAZE #3 v1_Sketch1
100
AcDbLine
 10
31.23950664154961
 20
0.0
 30
-2241.273184292845
 11
31.23950664154961
 21
0.0
 31
-2208.077963967337
  0
LINE
  5
304
330
70
100
AcDbEntity
  8
MAZE #3 v1_Sketch1
100
AcDbLine
 10
1500.0
 20
0.0
 30
-1487.741682903833
 11
1500.0
 21
0.0
 31
-1461.185506643428
  0
LINE
  5
305
330
70
100
AcDbEntity
  8
MAZE #3 v1_Sketch1
100
AcDbLine
 10
1500.0
 20
0.0
 30
-2556.627777385161
 11
1500.0
 21
0.0
 31
-2241.273184292844
  0
LINE
  5
306
330
70
100
AcDbEntity
  8
MAZE #3 v1_Sketch1
100
AcDbLine
 10
385.053051296356
 20
0.0
 30
-1087.047947885172
 11
333.3160116036641
 21
0.0
 31
-1087.047947885172
  0
LINE
  5
307
330
70
100
AcDbEntity
  8
MAZE #3 v1_Sketch1
100
AcDbLine
 10
1458.633980638354
 20
0.0
 30
-2200.0
 11
1458.633980638354
 21
0.0
 31
-2556.627777385161
  0
LINE
  5
308
330
70
100
AcDbEntity
  8
MAZE #3 v1_Sketch1
100
AcDbLine
 10
1500.0
 20
0.0
 30
-3000.0
 11
1458.633980638354
 21
0.0
 31
-3000.0
  0
LINE
  5
309
330
70
100
AcDbEntity
  8
MAZE #3 v1_Sketch1
100
AcDbLine
 10
31.23950664154961
 20
0.0
 30
-2984.846119584203
 11
-15.2338018141603
 21
0.0
 31
-2984.846119584203
  0
LINE
  5
30A
330
70
100
AcDbEntity
  8
MAZE #3 v1_Sketch1
100
AcDbLine
 10
2200.0
 20
0.0
 30
-1896.04289290757
 11
2200.0
 21
0.0
 31
-2556.627777385161
  0
LINE
  5
30B
330
70
100
AcDbEntity
  8
MAZE #3 v1_Sketch1
100
AcDbLine
 10
1500.0
 20
0.0
 30
-2600.0
 11
1500.0
 21
0.0
 31
-3000.0
  0
LINE
  5
30C
330
70
100
AcDbEntity
  8
MAZE #3 v1_Sketch1
100
AcDbLine
 10
1458.633980638354
 20
0.0
 30
-2241.273184292845
 11
1458.633980638354
 21
0.0
 31
-2200.0
  0
LINE
  5
30D
330
70
100
AcDbEntity
  8
MAZE #3 v1_Sketch1
100
AcDbLine
 10
-15.2338018141603
 20
0.0
 30
-2208.077963967337
 11
-709.0139066172586
 21
0.0
 31
-2208.077963967337
  0
LINE
  5
30E
330
70
100
AcDbEntity
  8
MAZE #3 v1_Sketch1
100
AcDbLine
 10
385.053051296356
 20
0.0
 30
-2596.46204177577
 11
31.23950664154961
 21
0.0
 31
-2596.46204177577
  0
LINE
  5
30F
330
70
100
AcDbEntity
  8
MAZE #3 v1_Sketch1
100
AcDbLine
 10
-340.5469610041297
 20
0.0
 30
-710.9735272869673
 11
-400.0
 21
0.0
 31
-710.9735272869673
  0
LINE
  5
310
330
70
100
AcDbEntity
  8
MAZE #3 v1_Sketch1
100
AcDbLine
 10
-762.1262591380698
 20
0.0
 30
-2208.077963967337
 11
-762.1262591380698
 21
0.0
 31
-2241.273184292845
  0
LINE
  5
311
330
70
100
AcDbEntity
  8
MAZE #3 v1_Sketch1
100
AcDbLine
 10
2245.360702352872
 20
0.0
 30
-2600.0
 11
2245.360702352872
 21
0.0
 31
-1841.754994830471
  0
LINE
  5
312
330
70
100
AcDbEntity
  8
MAZE #3 v1_Sketch1
100
AcDbLine
 10
31.23950664154961
 20
0.0
 30
-1447.907418513225
 11
-15.2338018141603
 21
0.0
 31
-1447.907418513225
  0
LINE
  5
313
330
70
100
AcDbEntity
  8
MAZE #3 v1_Sketch1
100
AcDbLine
 10
-709.0139066172585
 20
0.0
 30
-1461.185506643428
 11
-762.1262591380698
 21
0.0
 31
-1461.185506643428
  0
LINE
  5
314
330
70
100
AcDbEntity
  8
MAZE #3 v1_Sketch1
100
AcDbLine
 10
-762.1262591380698
 20
0.0
 30
-1461.185506643428
 11
-762.1262591380698
 21
0.0
 31
-2241.273184292845
  0
LINE
  5
315
330
70
100
AcDbEntity
  8
MAZE #3 v1_Sketch1
100
AcDbLine
 10
-330.5883949064778
 20
0.0
 30
-1886.084326809918
 11
-330.5883949064778
 21
0.0
 31
-1816.374364126353
  0
LINE
  5
316
330
70
100
AcDbEntity
  8
MAZE #3 v1_Sketch1
100
AcDbLine
 10
2245.360702352872
 20
0.0
 30
-2556.627777385161
 11
2245.360702352872
 21
0.0
 31
-2600.0
  0
LINE
  5
317
330
70
100
AcDbEntity
  8
MAZE #3 v1_Sketch1
100
AcDbLine
 10
-762.1262591380698
 20
0.0
 30
-1816.374364126353
 11
-762.1262591380698
 21
0.0
 31
-1886.084326809918
  0
LINE
  5
318
330
70
100
AcDbEntity
  8
MAZE #3 v1_Sketch1
100
AcDbLine
 10
333.3160116036641
 20
0.0
 30
-2596.46204177577
 11
385.053051296356
 21
0.0
 31
-2596.46204177577
  0
LINE
  5
319
330
70
100
AcDbEntity
  8
MAZE #3 v1_Sketch1
100
AcDbLine
 10
-1495.740628331776
 20
0.0
 30
-1135.872347453458
 11
-2159.645034841918
 21
0.0
 31
-1135.872347453457
  0
LINE
  5
31A
330
70
100
AcDbEntity
  8
MAZE #3 v1_Sketch1
100
AcDbLine
 10
-3300.0
 20
0.0
 30
-2241.273184292845
 11
-2600.0
 21
0.0
 31
-2241.273184292845
  0
LINE
  5
31B
330
70
100
AcDbEntity
  8
MAZE #3 v1_Sketch1
100
AcDbLine
 10
-2212.186654777148
 20
0.0
 30
-1086.079516965197
 11
-1449.267319876067
 21
0.0
 31
-1086.079516965197
  0
LINE
  5
31C
330
70
100
AcDbEntity
  8
MAZE #3 v1_Sketch1
100
AcDbLine
 10
-2900.0
 20
0.0
 30
-1500.0
 11
-3291.60204794171
 21
0.0
 31
-1500.0
  0
LINE
  5
31D
330
70
100
AcDbEntity
  8
MAZE #3 v1_Sketch1
100
AcDbLine
 10
-2900.0
 20
0.0
 30
-1457.865984610877
 11
-2900.0
 21
0.0
 31
-1500.0
  0
LINE
  5
31E
330
70
100
AcDbEntity
  8
MAZE #3 v1_Sketch1
100
AcDbLine
 10
-3291.60204794171
 20
0.0
 30
-1866.167194614613
 11
-3341.39487842997
 21
0.0
 31
-1866.167194614613
  0
LINE
  5
31F
330
70
100
AcDbEntity
  8
MAZE #3 v1_Sketch1
100
AcDbLine
 10
-2212.186654777148
 20
0.0
 30
-1142.511391518559
 11
-2212.186654777148
 21
0.0
 31
-2194.799875837134
  0
LINE
  5
320
330
70
100
AcDbEntity
  8
MAZE #3 v1_Sketch1
100
AcDbLine
 10
-3341.39487842997
 20
0.0
 30
-1866.167194614613
 11
-3341.39487842997
 21
0.0
 31
-1457.865984610877
  0
LINE
  5
321
330
70
100
AcDbEntity
  8
MAZE #3 v1_Sketch1
100
AcDbLine
 10
-3291.60204794171
 20
0.0
 30
-1457.865984610877
 11
-3291.60204794171
 21
0.0
 31
-1089.399038997748
  0
LINE
  5
322
330
70
100
AcDbEntity
  8
MAZE #3 v1_Sketch1
100
AcDbLine
 10
-2557.987678748004
 20
0.0
 30
-2194.799875837134
 11
-2600.0
 21
0.0
 31
-2194.799875837134
  0
LINE
  5
323
330
70
100
AcDbEntity
  8
MAZE #3 v1_Sketch1
100
AcDbLine
 10
-1445.947797843516
 20
0.0
 30
-3000.0
 11
-1445.947797843516
 21
0.0
 31
-3336.715455034577
  0
LINE
  5
324
330
70
100
AcDbEntity
  8
MAZE #3 v1_Sketch1
100
AcDbLine
 10
-2611.100031268815
 20
0.0
 30
-1829.652452256556
 11
-2611.100031268815
 21
0.0
 31
-1457.865984610877
  0
LINE
  5
325
330
70
100
AcDbEntity
  8
MAZE #3 v1_Sketch1
100
AcDbLine
 10
-2159.645034841918
 20
0.0
 30
-1086.079516965197
 11
-2212.186654777149
 21
0.0
 31
-1086.079516965197
  0
LINE
  5
326
330
70
100
AcDbEntity
  8
MAZE #3 v1_Sketch1
100
AcDbLine
 10
-1499.060150364327
 20
0.0
 30
-2941.692333161043
 11
-1445.947797843516
 21
0.0
 31
-2941.692333161043
  0
LINE
  5
327
330
70
100
AcDbEntity
  8
MAZE #3 v1_Sketch1
100
AcDbLine
 10
-1821.053787521746
 20
0.0
 30
-1823.013408191455
 11
-1495.740628331776
 21
0.0
 31
-1823.013408191455
  0
LINE
  5
328
330
70
100
AcDbEntity
  8
MAZE #3 v1_Sketch1
100
AcDbLine
 10
-1821.053787521746
 20
0.0
 30
-1823.013408191455
 11
-1821.053787521746
 21
0.0
 31
-1454.546462578326
  0
LINE
  5
329
330
70
100
AcDbEntity
  8
MAZE #3 v1_Sketch1
100
AcDbLine
 10
-2913.17653623093
 20
0.0
 30
-2194.799875837134
 11
-2913.17653623093
 21
0.0
 31
-1869.486716647165
  0
LINE
  5
32A
330
70
100
AcDbEntity
  8
MAZE #3 v1_Sketch1
100
AcDbLine
 10
-3300.0
 20
0.0
 30
-2241.273184292845
 11
-3300.0
 21
0.0
 31
-2600.0
  0
LINE
  5
32B
330
70
100
AcDbEntity
  8
MAZE #3 v1_Sketch1
100
AcDbLine
 10
-2557.987678748004
 20
0.0
 30
-2241.273184292845
 11
-1824.373309554297
 21
0.0
 31
-2241.273184292845
  0
LINE
  5
32C
330
70
100
AcDbEntity
  8
MAZE #3 v1_Sketch1
100
AcDbLine
 10
-1449.267319876067
 20
0.0
 30
-1086.079516965197
 11
-1495.740628331776
 21
0.0
 31
-1086.079516965197
  0
LINE
  5
32D
330
70
100
AcDbEntity
  8
MAZE #3 v1_Sketch1
100
AcDbLine
 10
-1867.527095977456
 20
0.0
 30
-1879.445282744817
 11
-1867.527095977456
 21
0.0
 31
-1823.013408191455
  0
LINE
  5
32E
330
70
100
AcDbEntity
  8
MAZE #3 v1_Sketch1
100
AcDbLine
 10
-1445.947797843516
 20
0.0
 30
-3336.715455034577
 11
-1499.060150364327
 21
0.0
 31
-3336.715455034577
  0
LINE
  5
32F
330
70
100
AcDbEntity
  8
MAZE #3 v1_Sketch1
100
AcDbLine
 10
-2551.348634682903
 20
0.0
 30
-1869.486716647165
 11
-2913.17653623093
 21
0.0
 31
-1869.486716647165
  0
LINE
  5
330
330
70
100
AcDbEntity
  8
MAZE #3 v1_Sketch1
100
AcDbLine
 10
-3341.394878429972
 20
0.0
 30
-2600.0
 11
-3341.394878429972
 21
0.0
 31
-2194.799875837134
  0
LINE
  5
331
330
70
100
AcDbEntity
  8
MAZE #3 v1_Sketch1
100
AcDbLine
 10
-1495.740628331776
 20
0.0
 30
-1879.445282744817
 11
-1867.527095977456
 21
0.0
 31
-1879.445282744817
  0
LINE
  5
332
330
70
100
AcDbEntity
  8
MAZE #3 v1_Sketch1
100
AcDbLine
 10
-1867.527095977456
 20
0.0
 30
-1454.546462578326
 11
-1867.527095977456
 21
0.0
 31
-1879.445282744817
  0
LINE
  5
333
330
70
100
AcDbEntity
  8
MAZE #3 v1_Sketch1
100
AcDbLine
 10
-2900.0
 20
0.0
 30
-1500.0
 11
-2962.96936671919
 21
0.0
 31
-1500.0
  0
LINE
  5
334
330
70
100
AcDbEntity
  8
MAZE #3 v1_Sketch1
100
AcDbLine
 10
-1449.267319876067
 20
0.0
 30
-1086.079516965197
 11
-1449.267319876067
 21
0.0
 31
-1135.872347453458
  0
LINE
  5
335
330
70
100
AcDbEntity
  8
MAZE #3 v1_Sketch1
100
AcDbLine
 10
-2557.987678748004
 20
0.0
 30
-2941.692333161043
 11
-2557.987678748004
 21
0.0
 31
-2241.273184292844
  0
LINE
  5
336
330
70
100
AcDbEntity
  8
MAZE #3 v1_Sketch1
100
AcDbLine
 10
-1824.373309554297
 20
0.0
 30
-2241.273184292845
 11
-1824.373309554297
 21
0.0
 31
-2194.799875837134
  0
LINE
  5
337
330
70
100
AcDbEntity
  8
MAZE #3 v1_Sketch1
100
AcDbLine
 10
-1449.267319876067
 20
0.0
 30
-1823.013408191455
 11
-1449.267319876067
 21
0.0
 31
-1879.445282744817
  0
LINE
  5
338
330
70
100
AcDbEntity
  8
MAZE #3 v1_Sketch1
100
AcDbLine
 10
-1449.267319876067
 20
0.0
 30
-2244.592706325395
 11
-1449.267319876067
 21
0.0
 31
-1086.079516965197
  0
LINE
  5
339
330
70
100
AcDbEntity
  8
MAZE #3 v1_Sketch1
100
AcDbLine
 10
-3341.39487842997
 20
0.0
 30
-1500.0
 11
-3341.39487842997
 21
0.0
 31
-1457.865984610877
  0
LINE
  5
33A
330
70
100
AcDbEntity
  8
MAZE #3 v1_Sketch1
100
AcDbLine
 10
-3291.60204794171
 20
0.0
 30
-1457.865984610877
 11
-2962.96936671919
 21
0.0
 31
-1457.865984610877
  0
LINE
  5
33B
330
70
100
AcDbEntity
  8
MAZE #3 v1_Sketch1
100
AcDbLine
 10
-3291.60204794171
 20
0.0
 30
-1500.0
 11
-3291.60204794171
 21
0.0
 31
-1866.167194614613
  0
LINE
  5
33C
330
70
100
AcDbEntity
  8
MAZE #3 v1_Sketch1
100
AcDbLine
 10
-2982.886498914495
 20
0.0
 30
-1829.652452256556
 11
-2982.886498914495
 21
0.0
 31
-2194.799875837134
  0
LINE
  5
33D
330
70
100
AcDbEntity
  8
MAZE #3 v1_Sketch1
100
AcDbLine
 10
-2551.348634682903
 20
0.0
 30
-1829.652452256556
 11
-2551.348634682903
 21
0.0
 31
-1869.486716647165
  0
LINE
  5
33E
330
70
100
AcDbEntity
  8
MAZE #3 v1_Sketch1
100
AcDbLine
 10
-2600.0
 20
0.0
 30
-3000.0
 11
-2557.987678748004
 21
0.0
 31
-3000.0
  0
LINE
  5
33F
330
70
100
AcDbEntity
  8
MAZE #3 v1_Sketch1
100
AcDbLine
 10
-3341.394878429972
 20
0.0
 30
-2194.799875837134
 11
-3341.394878429972
 21
0.0
 31
-2241.273184292845
  0
LINE
  5
340
330
70
100
AcDbEntity
  8
MAZE #3 v1_Sketch1
100
AcDbLine
 10
-2611.100031268815
 20
0.0
 30
-1457.865984610877
 11
-2551.348634682903
 21
0.0
 31
-1457.865984610877
  0
LINE
  5
341
330
70
100
AcDbEntity
  8
MAZE #3 v1_Sketch1
100
AcDbLine
 10
-2551.348634682903
 20
0.0
 30
-1457.865984610877
 11
-2551.348634682903
 21
0.0
 31
-1869.486716647165
  0
LINE
  5
342
330
70
100
AcDbEntity
  8
MAZE #3 v1_Sketch1
100
AcDbLine
 10
-2982.886498914495
 20
0.0
 30
-1869.486716647165
 11
-2982.886498914495
 21
0.0
 31
-1829.652452256556
  0
LINE
  5
343
330
70
100
AcDbEntity
  8
MAZE #3 v1_Sketch1
100
AcDbLine
 10
-3300.0
 20
0.0
 30
-2600.0
 11
-3341.394878429972
 21
0.0
 31
-2600.0
  0
LINE
  5
344
330
70
100
AcDbEntity
  8
MAZE #3 v1_Sketch1
100
AcDbLine
 10
-2212.186654777148
 20
0.0
 30
-2241.273184292845
 11
-2159.645034841918
 21
0.0
 31
-2241.273184292845
  0
LINE
  5
345
330
70
100
AcDbEntity
  8
MAZE #3 v1_Sketch1
100
AcDbLine
 10
-2962.96936671919
 20
0.0
 30
-1086.079516965197
 11
-2900.0
 21
0.0
 31
-1086.079516965197
  0
LINE
  5
346
330
70
100
AcDbEntity
  8
MAZE #3 v1_Sketch1
100
AcDbLine
 10
-3341.394878429972
 20
0.0
 30
-2194.799875837134
 11
-3300.0
 21
0.0
 31
-2194.799875837134
  0
LINE
  5
347
330
70
100
AcDbEntity
  8
MAZE #3 v1_Sketch1
100
AcDbLine
 10
-1499.060150364327
 20
0.0
 30
-3336.715455034577
 11
-1499.060150364327
 21
0.0
 31
-3000.0
  0
LINE
  5
348
330
70
100
AcDbEntity
  8
MAZE #3 v1_Sketch1
100
AcDbLine
 10
-2159.645034841918
 20
0.0
 30
-1142.511391518559
 11
-2159.645034841918
 21
0.0
 31
-1135.872347453457
  0
LINE
  5
349
330
70
100
AcDbEntity
  8
MAZE #3 v1_Sketch1
100
AcDbLine
 10
-709.0139066172585
 20
0.0
 30
-3000.0
 11
-709.0139066172585
 21
0.0
 31
-2941.692333161043
  0
LINE
  5
34A
330
70
100
AcDbEntity
  8
MAZE #3 v1_Sketch1
100
AcDbLine
 10
-762.1262591380698
 20
0.0
 30
-2941.692333161043
 11
-2557.987678748004
 21
0.0
 31
-2941.692333161043
  0
LINE
  5
34B
330
70
100
AcDbEntity
  8
MAZE #3 v1_Sketch1
100
AcDbLine
 10
-2551.348634682903
 20
0.0
 30
-1869.486716647165
 11
-2611.100031268815
 21
0.0
 31
-1869.486716647165
  0
LINE
  5
34C
330
70
100
AcDbEntity
  8
MAZE #3 v1_Sketch1
100
AcDbLine
 10
-1867.527095977456
 20
0.0
 30
-1879.445282744817
 11
-1821.053787521746
 21
0.0
 31
-1879.445282744817
  0
LINE
  5
34D
330
70
100
AcDbEntity
  8
MAZE #3 v1_Sketch1
100
AcDbLine
 10
-2600.0
 20
0.0
 30
-2241.273184292845
 11
-2600.0
 21
0.0
 31
-3000.0
  0
LINE
  5
34E
330
70
100
AcDbEntity
  8
MAZE #3 v1_Sketch1
100
AcDbLine
 10
-2900.0
 20
0.0
 30
-1142.511391518559
 11
-2212.186654777148
 21
0.0
 31
-1142.511391518559
  0
LINE
  5
34F
330
70
100
AcDbEntity
  8
MAZE #3 v1_Sketch1
100
AcDbLine
 10
-1495.740628331776
 20
0.0
 30
-2244.592706325395
 11
-1449.267319876067
 21
0.0
 31
-2244.592706325395
  0
LINE
  5
350
330
70
100
AcDbEntity
  8
MAZE #3 v1_Sketch1
100
AcDbLine
 10
-2900.0
 20
0.0
 30
-1142.511391518559
 11
-2900.0
 21
0.0
 31
-1500.0
  0
LINE
  5
351
330
70
100
AcDbEntity
  8
MAZE #3 v1_Sketch1
100
AcDbLine
 10
-1821.053787521746
 20
0.0
 30
-1454.546462578326
 11
-1867.527095977456
 21
0.0
 31
-1454.546462578326
  0
LINE
  5
352
330
70
100
AcDbEntity
  8
MAZE #3 v1_Sketch1
100
AcDbLine
 10
-2600.0
 20
0.0
 30
-2941.692333161043
 11
-2600.0
 21
0.0
 31
-3000.0
  0
LINE
  5
353
330
70
100
AcDbEntity
  8
MAZE #3 v1_Sketch1
100
AcDbLine
 10
-2913.17653623093
 20
0.0
 30
-1829.652452256556
 11
-2982.886498914495
 21
0.0
 31
-1829.652452256556
  0
LINE
  5
354
330
70
100
AcDbEntity
  8
MAZE #3 v1_Sketch1
100
AcDbLine
 10
-2982.886498914495
 20
0.0
 30
-1829.652452256556
 11
-2611.100031268815
 21
0.0
 31
-1829.652452256556
  0
LINE
  5
355
330
70
100
AcDbEntity
  8
MAZE #3 v1_Sketch1
100
AcDbLine
 10
-2159.645034841918
 20
0.0
 30
-2194.799875837134
 11
-2159.645034841918
 21
0.0
 31
-1135.872347453458
  0
LINE
  5
356
330
70
100
AcDbEntity
  8
MAZE #3 v1_Sketch1
100
AcDbLine
 10
-2962.96936671919
 20
0.0
 30
-1086.079516965197
 11
-2962.96936671919
 21
0.0
 31
-1142.511391518559
  0
LINE
  5
357
330
70
100
AcDbEntity
  8
MAZE #3 v1_Sketch1
100
AcDbLine
 10
-2982.886498914495
 20
0.0
 30
-2241.273184292845
 11
-2913.17653623093
 21
0.0
 31
-2241.273184292845
  0
LINE
  5
358
330
70
100
AcDbEntity
  8
MAZE #3 v1_Sketch1
100
AcDbLine
 10
-2962.96936671919
 20
0.0
 30
-1457.865984610877
 11
-2962.96936671919
 21
0.0
 31
-1086.079516965197
  0
LINE
  5
359
330
70
100
AcDbEntity
  8
MAZE #3 v1_Sketch1
100
AcDbLine
 10
3685.695569513141
 20
0.0
 30
-348.1539656437485
 11
3685.695569513141
 21
0.0
 31
-1086.047088264516
  0
LINE
  5
35A
330
70
100
AcDbEntity
  8
MAZE #3 v1_Sketch1
100
AcDbLine
 10
-2980.734894464571
 20
0.0
 30
400.0
 11
-2980.734894464571
 21
0.0
 31
1100.0
  0
LINE
  5
35B
330
70
100
AcDbEntity
  8
MAZE #3 v1_Sketch1
100
AcDbLine
 10
-2242.633085655686
 20
0.0
 30
-400.0
 11
-2561.307200780554
 21
0.0
 31
-400.0
  0
LINE
  5
35C
330
70
100
AcDbEntity
  8
MAZE #3 v1_Sketch1
100
AcDbLine
 10
-2561.307200780554
 20
0.0
 30
-1086.079516965197
 11
-2561.307200780554
 21
0.0
 31
-400.0
  0
LINE
  5
35D
330
70
100
AcDbEntity
  8
MAZE #3 v1_Sketch1
100
AcDbLine
 10
1090.167035025225
 20
0.0
 30
-2556.627777385161
 11
1458.633980638354
 21
0.0
 31
-2556.627777385161
  0
LINE
  5
35E
330
70
100
AcDbEntity
  8
MAZE #3 v1_Sketch1
100
AcDbLine
 10
-3676.310724683411
 20
0.0
 30
3672.710306475983
 11
-3676.310724683411
 21
0.0
 31
2991.310507419758
  0
LINE
  5
35F
330
70
100
AcDbEntity
  8
MAZE #3 v1_Sketch1
100
AcDbLine
 10
-3676.310724683411
 20
0.0
 30
720.971847470393
 11
-3300.0
 21
0.0
 31
720.9718474703934
  0
LINE
  5
360
330
70
100
AcDbEntity
  8
MAZE #3 v1_Sketch1
100
AcDbLine
 10
1500.0
 20
0.0
 30
-2556.627777385161
 11
2200.0
 21
0.0
 31
-2556.627777385161
  0
LINE
  5
361
330
70
100
AcDbEntity
  8
MAZE #3 v1_Sketch1
100
AcDbLine
 10
3685.695569513141
 20
0.0
 30
-1133.973769980182
 11
3685.695569513141
 21
0.0
 31
-2550.0
  0
LINE
  5
362
330
70
100
AcDbEntity
  8
MAZE #3 v1_Sketch1
100
AcDbLine
 10
-2574.000977755655
 20
0.0
 30
0.0
 11
-1869.21174081223
 21
0.0
 31
0.0
  0
LINE
  5
363
330
70
100
AcDbEntity
  8
MAZE #3 v1_Sketch1
100
AcDbLine
 10
-2950.0
 20
0.0
 30
2231.025359227533
 11
-2950.0
 21
0.0
 31
800.0
  0
LINE
  5
364
330
70
100
AcDbEntity
  8
MAZE #3 v1_Sketch1
100
AcDbLine
 10
3685.695569513141
 20
0.0
 30
-3670.800144181985
 11
750.0
 21
0.0
 31
-3670.800144181985
  0
LINE
  5
365
330
70
100
AcDbEntity
  8
MAZE #3 v1_Sketch1
100
AcDbLine
 10
3000.0
 20
0.0
 30
-700.0
 11
2597.230564597965
 21
0.0
 31
-700.0
  0
LINE
  5
366
330
70
100
AcDbEntity
  8
MAZE #3 v1_Sketch1
100
AcDbLine
 10
-2617.739075333916
 20
0.0
 30
-1086.079516965197
 11
-2962.96936671919
 21
0.0
 31
-1086.079516965197
  0
LINE
  5
367
330
70
100
AcDbEntity
  8
MAZE #3 v1_Sketch1
100
AcDbLine
 10
2566.597716635218
 20
0.0
 30
-700.0
 11
2242.387810911596
 21
0.0
 31
-700.0
  0
LINE
  5
368
330
70
100
AcDbEntity
  8
MAZE #3 v1_Sketch1
100
AcDbLine
 10
3306.777050207507
 20
0.0
 30
343.2957134909334
 11
3306.777050207507
 21
0.0
 31
-362.8272831129113
  0
LINE
  5
369
330
70
100
AcDbEntity
  8
MAZE #3 v1_Sketch1
100
AcDbLine
 10
-2208.869537666958
 20
0.0
 30
-767.4054018403292
 11
-2242.633085655686
 21
0.0
 31
-767.4054018403292
  0
LINE
  5
36A
330
70
100
AcDbEntity
  8
MAZE #3 v1_Sketch1
100
AcDbLine
 10
-2242.633085655686
 20
0.0
 30
-345.8261037063892
 11
-2208.869537666958
 21
0.0
 31
-345.8261037063892
  0
LINE
  5
36B
330
70
100
AcDbEntity
  8
MAZE #3 v1_Sketch1
100
AcDbLine
 10
-2982.886498914495
 20
0.0
 30
-2194.799875837134
 11
-3341.394878429972
 21
0.0
 31
-2194.799875837134
  0
LINE
  5
36C
330
70
100
AcDbEntity
  8
MAZE #3 v1_Sketch1
100
AcDbLine
 10
-2212.186654777148
 20
0.0
 30
-2194.799875837134
 11
-2600.0
 21
0.0
 31
-2194.799875837134
  0
LINE
  5
36D
330
70
100
AcDbEntity
  8
MAZE #3 v1_Sketch1
100
AcDbLine
 10
708.7339960102872
 20
0.0
 30
-2926.99550946039
 11
350.6934914285475
 21
0.0
 31
-2926.99550946039
  0
LINE
  5
36E
330
70
100
AcDbEntity
  8
MAZE #3 v1_Sketch1
100
AcDbLine
 10
-2617.739075333916
 20
0.0
 30
-1142.511391518559
 11
-2561.307200780554
 21
0.0
 31
-1142.511391518559
  0
LINE
  5
36F
330
70
100
AcDbEntity
  8
MAZE #3 v1_Sketch1
100
AcDbLine
 10
-2561.307200780554
 20
0.0
 30
-345.8261037063892
 11
-2617.739075333916
 21
0.0
 31
-345.8261037063892
  0
LINE
  5
370
330
70
100
AcDbEntity
  8
MAZE #3 v1_Sketch1
100
AcDbLine
 10
-2950.0
 20
0.0
 30
725.3837926365384
 11
-2950.0
 21
0.0
 31
364.2662935120137
  0
LINE
  5
371
330
70
100
AcDbEntity
  8
MAZE #3 v1_Sketch1
100
AcDbLine
 10
-3660.897521734589
 20
0.0
 30
-3000.0
 11
-3660.897521734589
 21
0.0
 31
-3670.800144181985
  0
LINE
  5
372
330
70
100
AcDbEntity
  8
MAZE #3 v1_Sketch1
100
AcDbLine
 10
-762.1262591380698
 20
0.0
 30
-3353.313065197331
 11
-762.1262591380697
 21
0.0
 31
-3000.0
  0
LINE
  5
373
330
70
100
AcDbEntity
  8
MAZE #3 v1_Sketch1
100
AcDbLine
 10
1458.633980638354
 20
0.0
 30
-2600.0
 11
1090.167035025225
 21
0.0
 31
-2600.0
  0
LINE
  5
374
330
70
100
AcDbEntity
  8
MAZE #3 v1_Sketch1
100
AcDbLine
 10
2245.360702352872
 20
0.0
 30
-2600.0
 11
1500.0
 21
0.0
 31
-2600.0
  0
LINE
  5
375
330
70
100
AcDbEntity
  8
MAZE #3 v1_Sketch1
100
AcDbLine
 10
-3700.0
 20
0.0
 30
0.0
 11
-2611.331797124543
 21
0.0
 31
0.0
  0
LINE
  5
376
330
70
100
AcDbEntity
  8
MAZE #3 v1_Sketch1
100
AcDbLine
 10
3685.695569513141
 20
0.0
 30
-2608.405879535267
 11
3685.695569513141
 21
0.0
 31
-3670.800144181985
  0
LINE
  5
377
330
70
100
AcDbEntity
  8
MAZE #3 v1_Sketch1
100
AcDbLine
 10
-3676.310724683411
 20
0.0
 30
720.971847470393
 11
-3676.310724683411
 21
0.0
 31
400.0
  0
LINE
  5
378
330
70
100
AcDbEntity
  8
MAZE #3 v1_Sketch1
100
AcDbLine
 10
-3291.60204794171
 20
0.0
 30
-1089.399038997748
 11
-3341.39487842997
 21
0.0
 31
-1089.399038997748
  0
LINE
  5
379
330
70
100
AcDbEntity
  8
MAZE #3 v1_Sketch1
100
AcDbLine
 10
-3341.39487842997
 20
0.0
 30
-1089.399038997748
 11
-3341.39487842997
 21
0.0
 31
-1500.0
  0
LINE
  5
37A
330
70
100
AcDbEntity
  8
MAZE #3 v1_Sketch1
100
AcDbLine
 10
3685.695569513141
 20
0.0
 30
721.0707340732432
 11
3685.695569513141
 21
0.0
 31
-11.26538690527979
  0
LINE
  5
37B
330
70
100
AcDbEntity
  8
MAZE #3 v1_Sketch1
100
AcDbLine
 10
3358.797573229463
 20
0.0
 30
385.5839620635799
 11
2255.210874062287
 21
0.0
 31
385.5839620635799
  0
LINE
  5
37C
330
70
100
AcDbEntity
  8
MAZE #3 v1_Sketch1
100
AcDbLine
 10
-3676.310724683411
 20
0.0
 30
1448.948432173786
 11
-3676.310724683411
 21
0.0
 31
750.0
  0
LINE
  5
37D
330
70
100
AcDbEntity
  8
MAZE #3 v1_Sketch1
100
AcDbLine
 10
-1445.947797843516
 20
0.0
 30
-3000.0
 11
-762.1262591380698
 21
0.0
 31
-3000.0
  0
LINE
  5
37E
330
70
100
AcDbEntity
  8
MAZE #3 v1_Sketch1
100
AcDbLine
 10
-3334.284411628665
 20
0.0
 30
-42.82575484809996
 11
-3660.897521734589
 21
0.0
 31
-42.82575484809996
  0
LINE
  5
37F
330
70
100
AcDbEntity
  8
MAZE #3 v1_Sketch1
100
AcDbLine
 10
-1800.0
 20
0.0
 30
-400.0
 11
-2208.869537666958
 21
0.0
 31
-400.0
  0
LINE
  5
380
330
70
100
AcDbEntity
  8
MAZE #3 v1_Sketch1
100
AcDbLine
 10
-2617.739075333916
 20
0.0
 30
-345.8261037063892
 11
-2617.739075333916
 21
0.0
 31
-1086.079516965197
  0
LINE
  5
381
330
70
100
AcDbEntity
  8
MAZE #3 v1_Sketch1
100
AcDbLine
 10
-1121.211653658768
 20
0.0
 30
-3670.800144181985
 11
-1826.458953336596
 21
0.0
 31
-3670.800144181985
  0
LINE
  5
382
330
70
100
AcDbEntity
  8
MAZE #3 v1_Sketch1
100
AcDbLine
 10
-2208.869537666958
 20
0.0
 30
-400.0
 11
-2208.869537666958
 21
0.0
 31
-767.4054018403292
  0
LINE
  5
383
330
70
100
AcDbEntity
  8
MAZE #3 v1_Sketch1
100
AcDbLine
 10
-3660.897521734589
 20
0.0
 30
-800.0
 11
-3660.897521734589
 21
0.0
 31
-2949.143338930173
  0
LINE
  5
384
330
70
100
AcDbEntity
  8
MAZE #3 v1_Sketch1
100
AcDbLine
 10
-2617.739075333916
 20
0.0
 30
-345.8261037063892
 11
-1800.0
 21
0.0
 31
-345.8261037063892
  0
LINE
  5
385
330
70
100
AcDbEntity
  8
MAZE #3 v1_Sketch1
100
AcDbLine
 10
-762.1262591380698
 20
0.0
 30
-2941.692333161043
 11
-762.1262591380698
 21
0.0
 31
-2208.077963967337
  0
LINE
  5
386
330
70
100
AcDbEntity
  8
MAZE #3 v1_Sketch1
100
AcDbLine
 10
-1800.0
 20
0.0
 30
-345.8261037063892
 11
-1800.0
 21
0.0
 31
-400.0
  0
LINE
  5
387
330
70
100
AcDbEntity
  8
MAZE #3 v1_Sketch1
100
AcDbLine
 10
-1500.0
 20
0.0
 30
-42.82575484809996
 11
-3300.0
 21
0.0
 31
-42.82575484809996
  0
LINE
  5
388
330
70
100
AcDbEntity
  8
MAZE #3 v1_Sketch1
100
AcDbLine
 10
-2557.987678748004
 20
0.0
 30
-2194.799875837134
 11
-2913.17653623093
 21
0.0
 31
-2194.799875837134
  0
LINE
  5
389
330
70
100
AcDbEntity
  8
MAZE #3 v1_Sketch1
100
AcDbLine
 10
-2159.645034841918
 20
0.0
 30
-1086.079516965197
 11
-2561.307200780554
 21
0.0
 31
-1086.079516965197
  0
LINE
  5
38A
330
70
100
AcDbEntity
  8
MAZE #3 v1_Sketch1
100
AcDbLine
 10
-3676.310724683411
 20
0.0
 30
2935.841618681052
 11
-3676.310724683411
 21
0.0
 31
1500.0
  0
LINE
  5
38B
330
70
100
AcDbEntity
  8
MAZE #3 v1_Sketch1
100
AcDbLine
 10
-389.5505974387004
 20
0.0
 30
-3670.800144181985
 11
-1081.591018845407
 21
0.0
 31
-3670.800144181985
  0
LINE
  5
38C
330
70
100
AcDbEntity
  8
MAZE #3 v1_Sketch1
100
AcDbLine
 10
-2617.739075333916
 20
0.0
 30
-400.0
 11
-2617.739075333916
 21
0.0
 31
-345.8261037063892
  0
LINE
  5
38D
330
70
100
AcDbEntity
  8
MAZE #3 v1_Sketch1
100
AcDbLine
 10
-1824.492693834923
 20
0.0
 30
0.0
 11
-1448.001955511309
 21
0.0
 31
0.0
  0
LINE
  5
38E
330
70
100
AcDbEntity
  8
MAZE #3 v1_Sketch1
100
AcDbLine
 10
714.5444260269607
 20
0.0
 30
-3670.800144181985
 11
-350.0
 21
0.0
 31
-3670.800144181985
  0
LINE
  5
38F
330
70
100
AcDbEntity
  8
MAZE #3 v1_Sketch1
100
AcDbLine
 10
1137.254914879771
 20
0.0
 30
-2926.99550946039
 11
743.9742031541593
 21
0.0
 31
-2926.99550946039
  0
LINE
  5
390
330
70
100
AcDbEntity
  8
MAZE #3 v1_Sketch1
100
AcDbLine
 10
2617.343614922395
 20
0.0
 30
-2932.633942603409
 11
2950.0
 21
0.0
 31
-2932.633942603409
  0
LINE
  5
391
330
70
100
AcDbEntity
  8
MAZE #3 v1_Sketch1
100
AcDbLine
 10
3306.777050207507
 20
0.0
 30
-392.6166932020111
 11
3306.777050207507
 21
0.0
 31
-759.0264372979377
  0
LINE
  5
392
330
70
100
AcDbEntity
  8
MAZE #3 v1_Sketch1
100
AcDbLine
 10
-2242.633085655686
 20
0.0
 30
-767.4054018403292
 11
-2242.633085655686
 21
0.0
 31
-400.0
  0
LINE
  5
393
330
70
100
AcDbEntity
  8
MAZE #3 v1_Sketch1
100
AcDbLine
 10
-2980.734894464571
 20
0.0
 30
1150.0
 11
-2980.734894464571
 21
0.0
 31
2231.025359227533
  0
LINE
  5
394
330
70
100
AcDbEntity
  8
MAZE #3 v1_Sketch1
100
AcDbLine
 10
-3660.897521734589
 20
0.0
 30
-42.82575484809996
 11
-3660.897521734589
 21
0.0
 31
-740.0896977708569
  0
LINE
  5
395
330
70
100
AcDbEntity
  8
MAZE #3 v1_Sketch1
100
AcDbLine
 10
-2600.0
 20
0.0
 30
-3000.0
 11
-1499.060150364327
 21
0.0
 31
-3000.0
  0
LINE
  5
396
330
70
100
AcDbEntity
  8
MAZE #3 v1_Sketch1
100
AcDbLine
 10
-1860.796836841508
 20
0.0
 30
-3670.800144181985
 11
-3660.897521734589
 21
0.0
 31
-3670.800144181985
  0
LINE
  5
397
330
70
100
AcDbEntity
  8
MAZE #3 v1_Sketch1
100
AcDbLine
 10
-1824.373309554297
 20
0.0
 30
-2194.799875837134
 11
-2159.645034841918
 21
0.0
 31
-2194.799875837134
  0
LINE
  5
398
330
70
100
AcDbEntity
  8
MAZE #3 v1_Sketch1
100
AcDbLine
 10
1839.239841185701
 20
0.0
 30
-2932.633942603409
 11
2572.236149778239
 21
0.0
 31
-2932.633942603409
  0
LINE
  5
399
330
70
100
AcDbEntity
  8
MAZE #3 v1_Sketch1
100
AcDbLine
 10
399.2331486588142
 20
0.0
 30
3672.710306475983
 11
1097.785882878635
 21
0.0
 31
3672.710306475983
  0
LINE
  5
39A
330
70
100
AcDbEntity
  8
MAZE #3 v1_Sketch1
100
AcDbLine
 10
1094.966666307125
 20
0.0
 30
-28.8408739483549
 11
1094.966666307125
 21
0.0
 31
704.155434644183
  0
LINE
  5
39B
330
70
100
AcDbEntity
  8
MAZE #3 v1_Sketch1
100
AcDbLine
 10
1140.074131451281
 20
0.0
 30
343.2957134909336
 11
1140.074131451281
 21
0.0
 31
-28.8408739483549
  0
LINE
  5
39C
330
70
100
AcDbEntity
  8
MAZE #3 v1_Sketch1
100
AcDbLine
 10
2246.274051035558
 20
0.0
 30
2562.492787636682
 11
2562.041797980015
 21
0.0
 31
2562.492787636682
  0
LINE
  5
39D
330
70
100
AcDbEntity
  8
MAZE #3 v1_Sketch1
100
AcDbLine
 10
3685.695569513141
 20
0.0
 30
2181.4249181153
 11
3685.695569513141
 21
0.0
 31
763.3589826458892
  0
LINE
  5
39E
330
70
100
AcDbEntity
  8
MAZE #3 v1_Sketch1
100
AcDbLine
 10
1151.35099773732
 20
0.0
 30
3672.710306475983
 11
2569.416933206731
 21
0.0
 31
3672.710306475983
  0
LINE
  5
39F
330
70
100
AcDbEntity
  8
MAZE #3 v1_Sketch1
100
AcDbLine
 10
-707.8311549755068
 20
0.0
 30
2920.33878815444
 11
-707.8311549755068
 21
0.0
 31
2250.0
  0
LINE
  5
3A0
330
70
100
AcDbEntity
  8
MAZE #3 v1_Sketch1
100
AcDbLine
 10
3685.695569513141
 20
0.0
 30
3672.710306475983
 11
3685.695569513141
 21
0.0
 31
2982.08242442407
  0
LINE
  5
3A1
330
70
100
AcDbEntity
  8
MAZE #3 v1_Sketch1
100
AcDbLine
 10
1097.785882878635
 20
0.0
 30
3300.0
 11
1461.464820603394
 21
0.0
 31
3300.0
  0
LINE
  5
3A2
330
70
100
AcDbEntity
  8
MAZE #3 v1_Sketch1
100
AcDbLine
 10
-1450.0
 20
0.0
 30
3672.710306475983
 11
-758.4398088559334
 21
0.0
 31
3672.710306475983
  0
LINE
  5
3A3
330
70
100
AcDbEntity
  8
MAZE #3 v1_Sketch1
100
AcDbLine
 10
2245.360702352872
 20
0.0
 30
-1841.754994830471
 11
1500.0
 21
0.0
 31
-1841.754994830471
  0
LINE
  5
3A4
330
70
100
AcDbEntity
  8
MAZE #3 v1_Sketch1
100
AcDbLine
 10
765.118327440483
 20
0.0
 30
2249.086115831532
 11
765.118327440483
 21
0.0
 31
2931.336526136895
  0
LINE
  5
3A5
330
70
100
AcDbEntity
  8
MAZE #3 v1_Sketch1
100
AcDbLine
 10
2600.0
 20
0.0
 30
3672.710306475983
 11
3685.695569513141
 21
0.0
 31
3672.710306475983
  0
LINE
  5
3A6
330
70
100
AcDbEntity
  8
MAZE #3 v1_Sketch1
100
AcDbLine
 10
1135.975319274045
 20
0.0
 30
-406.5312048578931
 11
1500.0
 21
0.0
 31
-406.5312048578931
  0
LINE
  5
3A7
330
70
100
AcDbEntity
  8
MAZE #3 v1_Sketch1
100
AcDbLine
 10
770.106102592712
 20
0.0
 30
-406.5312048578931
 11
770.106102592712
 21
0.0
 31
-1150.0
  0
LINE
  5
3A8
330
70
100
AcDbEntity
  8
MAZE #3 v1_Sketch1
100
AcDbLine
 10
1458.633980638355
 20
0.0
 30
-1841.754994830471
 11
385.053051296356
 21
0.0
 31
-1841.754994830471
  0
LINE
  5
3A9
330
70
100
AcDbEntity
  8
MAZE #3 v1_Sketch1
100
AcDbLine
 10
2255.210874062287
 20
0.0
 30
1865.420591551749
 11
1873.906424921811
 21
0.0
 31
1865.420591551749
  0
LINE
  5
3AA
330
70
100
AcDbEntity
  8
MAZE #3 v1_Sketch1
100
AcDbLine
 10
2195.632053884087
 20
0.0
 30
1814.778594400279
 11
2195.632053884087
 21
0.0
 31
1490.074024429091
  0
LINE
  5
3AB
330
70
100
AcDbEntity
  8
MAZE #3 v1_Sketch1
100
AcDbLine
 10
0.0
 20
0.0
 30
-1150.0
 11
333.3160116036641
 21
0.0
 31
-1150.0
  0
LINE
  5
3AC
330
70
100
AcDbEntity
  8
MAZE #3 v1_Sketch1
100
AcDbLine
 10
-1123.954160686096
 20
0.0
 30
-774.8395496504343
 11
-1869.629042968219
 21
0.0
 31
-774.8395496504347
  0
LINE
  5
3AD
330
70
100
AcDbEntity
  8
MAZE #3 v1_Sketch1
100
AcDbLine
 10
1458.633980638355
 20
0.0
 30
-1487.741682903833
 11
1458.633980638355
 21
0.0
 31
-1841.754994830471
  0
LINE
  5
3AE
330
70
100
AcDbEntity
  8
MAZE #3 v1_Sketch1
100
AcDbLine
 10
-1495.740628331776
 20
0.0
 30
-1135.872347453458
 11
-1495.740628331776
 21
0.0
 31
-1823.013408191455
  0
LINE
  5
3AF
330
70
100
AcDbEntity
  8
MAZE #3 v1_Sketch1
100
AcDbLine
 10
1826.243368779251
 20
0.0
 30
1865.420591551749
 11
1459.833624683324
 21
0.0
 31
1865.420591551749
  0
LINE
  5
3B0
330
70
100
AcDbEntity
  8
MAZE #3 v1_Sketch1
100
AcDbLine
 10
-756.7880950240509
 20
0.0
 30
347.1593815056532
 11
-756.7880950240509
 21
0.0
 31
713.0285981869861
  0
LINE
  5
3B1
330
70
100
AcDbEntity
  8
MAZE #3 v1_Sketch1
100
AcDbLine
 10
358.1136173809682
 20
0.0
 30
3000.0
 11
358.1136173809682
 21
0.0
 31
3672.710306475983
  0
LINE
  5
3B2
330
70
100
AcDbEntity
  8
MAZE #3 v1_Sketch1
100
AcDbLine
 10
-756.7880950240509
 20
0.0
 30
759.3720322999551
 11
-756.7880950240509
 21
0.0
 31
1083.776071090737
  0
LINE
  5
3B3
330
70
100
AcDbEntity
  8
MAZE #3 v1_Sketch1
100
AcDbLine
 10
1458.633980638354
 20
0.0
 30
-717.612571352069
 11
1458.633980638355
 21
0.0
 31
-1461.185506643428
  0
LINE
  5
3B4
330
70
100
AcDbEntity
  8
MAZE #3 v1_Sketch1
100
AcDbLine
 10
-750.0
 20
0.0
 30
-774.8395496504347
 11
-1067.522286132734
 21
0.0
 31
-774.8395496504347
  0
LINE
  5
3B5
330
70
100
AcDbEntity
  8
MAZE #3 v1_Sketch1
100
AcDbLine
 10
-1495.740628331776
 20
0.0
 30
-1879.445282744817
 11
-1495.740628331776
 21
0.0
 31
-2244.592706325395
  0
LINE
  5
3B6
330
70
100
AcDbEntity
  8
MAZE #3 v1_Sketch1
100
AcDbLine
 10
2938.73430407451
 20
0.0
 30
2234.990032973985
 11
3313.690108085307
 21
0.0
 31
2234.990032973985
  0
LINE
  5
3B7
330
70
100
AcDbEntity
  8
MAZE #3 v1_Sketch1
100
AcDbLine
 10
-709.0139066172585
 20
0.0
 30
-2208.077963967337
 11
-709.0139066172585
 21
0.0
 31
-1886.084326809918
  0
LINE
  5
3B8
330
70
100
AcDbEntity
  8
MAZE #3 v1_Sketch1
100
AcDbLine
 10
1832.201250797071
 20
0.0
 30
2562.492787636682
 11
2200.0
 21
0.0
 31
2562.492787636682
  0
LINE
  5
3B9
330
70
100
AcDbEntity
  8
MAZE #3 v1_Sketch1
100
AcDbLine
 10
2195.632053884087
 20
0.0
 30
1454.326732322172
 11
2195.632053884087
 21
0.0
 31
385.58396206358
  0
LINE
  5
3BA
330
70
100
AcDbEntity
  8
MAZE #3 v1_Sketch1
100
AcDbLine
 10
358.1136173809682
 20
0.0
 30
2230.79587903363
 11
358.1136173809682
 21
0.0
 31
2953.715028484819
  0
LINE
  5
3BB
330
70
100
AcDbEntity
  8
MAZE #3 v1_Sketch1
100
AcDbLine
 10
1140.074131451281
 20
0.0
 30
1499.174507809935
 11
1140.074131451281
 21
0.0
 31
385.5839620635797
  0
LINE
  5
3BC
330
70
100
AcDbEntity
  8
MAZE #3 v1_Sketch1
100
AcDbLine
 10
-15.2338018141603
 20
0.0
 30
-1500.0
 11
-15.2338018141603
 21
0.0
 31
-2208.077963967337
  0
LINE
  5
3BD
330
70
100
AcDbEntity
  8
MAZE #3 v1_Sketch1
100
AcDbLine
 10
770.106102592712
 20
0.0
 30
388.6245593962042
 11
770.106102592712
 21
0.0
 31
-350.0
  0
LINE
  5
3BE
330
70
100
AcDbEntity
  8
MAZE #3 v1_Sketch1
100
AcDbLine
 10
765.118327440483
 20
0.0
 30
2976.443991281051
 11
765.118327440483
 21
0.0
 31
3345.76136214883
  0
LINE
  5
3BF
330
70
100
AcDbEntity
  8
MAZE #3 v1_Sketch1
100
AcDbLine
 10
-1081.192133814833
 20
0.0
 30
0.0
 11
-1081.192133814833
 21
0.0
 31
388.6245593962042
  0
LINE
  5
3C0
330
70
100
AcDbEntity
  8
MAZE #3 v1_Sketch1
100
AcDbLine
 10
-750.0
 20
0.0
 30
-1150.0
 11
-750.0
 21
0.0
 31
-774.8395496504347
  0
LINE
  5
3C1
330
70
100
AcDbEntity
  8
MAZE #3 v1_Sketch1
100
AcDbLine
 10
1455.826387460374
 20
0.0
 30
385.5839620635799
 11
1140.074131451281
 21
0.0
 31
385.5839620635799
  0
LINE
  5
3C2
330
70
100
AcDbEntity
  8
MAZE #3 v1_Sketch1
100
AcDbLine
 10
3358.797573229464
 20
0.0
 30
2234.990032973985
 11
3685.695569513141
 21
0.0
 31
2234.990032973985
  0
LINE
  5
3C3
330
70
100
AcDbEntity
  8
MAZE #3 v1_Sketch1
100
AcDbLine
 10
-712.8837890222911
 20
0.0
 30
1127.680377092497
 11
-712.8837890222911
 21
0.0
 31
759.372032299955
  0
LINE
  5
3C4
330
70
100
AcDbEntity
  8
MAZE #3 v1_Sketch1
100
AcDbLine
 10
385.053051296356
 20
0.0
 30
-2596.46204177577
 11
385.053051296356
 21
0.0
 31
-1896.04289290757
  0
LINE
  5
3C5
330
70
100
AcDbEntity
  8
MAZE #3 v1_Sketch1
100
AcDbLine
 10
0.0
 20
0.0
 30
-1150.0
 11
0.0
 21
0.0
 31
-400.0
  0
LINE
  5
3C6
330
70
100
AcDbEntity
  8
MAZE #3 v1_Sketch1
100
AcDbLine
 10
-707.8311549755068
 20
0.0
 30
3672.710306475983
 11
-707.8311549755068
 21
0.0
 31
2950.0
  0
LINE
  5
3C7
330
70
100
AcDbEntity
  8
MAZE #3 v1_Sketch1
100
AcDbLine
 10
3685.695569513141
 20
0.0
 30
2931.336526136894
 11
3685.695569513141
 21
0.0
 31
2234.990032973985
  0
LINE
  5
3C8
330
70
100
AcDbEntity
  8
MAZE #3 v1_Sketch1
100
AcDbLine
 10
-712.8837890222911
 20
0.0
 30
713.0285981869861
 11
-712.8837890222911
 21
0.0
 31
347.1593815056532
  0
LINE
  5
3C9
330
70
100
AcDbEntity
  8
MAZE #3 v1_Sketch1
100
AcDbLine
 10
2600.0
 20
0.0
 30
1865.420591551749
 11
3357.419047358977
 21
0.0
 31
1865.420591551749
  0
LINE
  5
3CA
330
70
100
AcDbEntity
  8
MAZE #3 v1_Sketch1
100
AcDbLine
 10
1500.0
 20
0.0
 30
3300.0
 11
2205.737995481971
 21
0.0
 31
3300.0
  0
LINE
  5
3CB
330
70
100
AcDbEntity
  8
MAZE #3 v1_Sketch1
100
AcDbLine
 10
385.053051296356
 20
0.0
 30
-1841.754994830471
 11
385.053051296356
 21
0.0
 31
-1150.0
  0
LINE
  5
3CC
330
70
100
AcDbEntity
  8
MAZE #3 v1_Sketch1
100
AcDbLine
 10
2946.325188129402
 20
0.0
 30
1814.778594400279
 11
2255.210874062287
 21
0.0
 31
1814.778594400279
  0
LINE
  5
3CD
330
70
100
AcDbEntity
  8
MAZE #3 v1_Sketch1
100
AcDbLine
 10
3300.0
 20
0.0
 30
1814.778594400279
 11
2982.07248023632
 21
0.0
 31
1814.778594400279
  0
LINE
  5
3CE
330
70
100
AcDbEntity
  8
MAZE #3 v1_Sketch1
100
AcDbLine
 10
1094.966666307125
 20
0.0
 30
760.5397660743781
 11
1094.966666307125
 21
0.0
 31
1454.067042665779
  0
LINE
  5
3CF
330
70
100
AcDbEntity
  8
MAZE #3 v1_Sketch1
100
AcDbLine
 10
2195.632053884087
 20
0.0
 30
1865.420591551749
 11
2562.041797980015
 21
0.0
 31
1865.420591551749
  0
LINE
  5
3D0
330
70
100
AcDbEntity
  8
MAZE #3 v1_Sketch1
100
AcDbLine
 10
-3676.310724683411
 20
0.0
 30
3672.710306475983
 11
-1501.754412724692
 21
0.0
 31
3672.710306475983
  0
LINE
  5
3D1
330
70
100
AcDbEntity
  8
MAZE #3 v1_Sketch1
100
AcDbLine
 10
-15.2338018141603
 20
0.0
 30
-2241.273184292845
 11
-15.2338018141603
 21
0.0
 31
-2596.46204177577
  0
LINE
  5
3D2
330
70
100
AcDbEntity
  8
MAZE #3 v1_Sketch1
100
AcDbLine
 10
770.106102592712
 20
0.0
 30
-406.5312048578931
 11
1100.0
 21
0.0
 31
-406.5312048578931
  0
LINE
  5
3D3
330
70
100
AcDbEntity
  8
MAZE #3 v1_Sketch1
100
AcDbLine
 10
2195.632053884087
 20
0.0
 30
385.58396206358
 11
1489.656986318492
 21
0.0
 31
385.5839620635799
  0
LINE
  5
3D4
330
70
100
AcDbEntity
  8
MAZE #3 v1_Sketch1
100
AcDbLine
 10
385.053051296356
 20
0.0
 30
-1150.0
 11
770.106102592712
 21
0.0
 31
-1150.0
  0
LINE
  5
3D5
330
70
100
AcDbEntity
  8
MAZE #3 v1_Sketch1
100
AcDbLine
 10
0.0
 20
0.0
 30
-350.0
 11
0.0
 21
0.0
 31
-33.34460384293317
  0
LINE
  5
3D6
330
70
100
AcDbEntity
  8
MAZE #3 v1_Sketch1
100
AcDbLine
 10
-1081.192133814833
 20
0.0
 30
-387.0181799682218
 11
-1081.192133814833
 21
0.0
 31
-33.34460384293317
  0
LINE
  5
3D7
330
70
100
AcDbEntity
  8
MAZE #3 v1_Sketch1
100
AcDbLine
 10
-750.0
 20
0.0
 30
-739.2565628878617
 11
-750.0
 21
0.0
 31
-350.0
  0
LINE
  5
3D8
330
70
100
AcDbEntity
  8
MAZE #3 v1_Sketch1
100
AcDbLine
 10
-707.8311549755068
 20
0.0
 30
3672.710306475983
 11
358.1136173809681
 21
0.0
 31
3672.710306475983
  0
LINE
  5
3D9
330
70
100
AcDbEntity
  8
MAZE #3 v1_Sketch1
100
AcDbLine
 10
-1824.492693834923
 20
0.0
 30
771.5676728559994
 11
-1824.492693834923
 21
0.0
 31
1450.0
  0
LINE
  5
3DA
330
70
100
AcDbEntity
  8
MAZE #3 v1_Sketch1
100
AcDbLine
 10
-1824.492693834923
 20
0.0
 30
0.0
 11
-1824.492693834923
 21
0.0
 31
725.9754169935736
  0
LINE
  5
3DB
330
70
100
AcDbEntity
  8
MAZE #3 v1_Sketch1
100
AcDbLine
 10
-709.0139066172585
 20
0.0
 30
-1816.374364126353
 11
-709.0139066172585
 21
0.0
 31
-1461.185506643428
  0
ENDSEC
  0
SECTION
  2
OBJECTS
  0
DICTIONARY
  5
C
330
0
100
AcDbDictionary
281
     1
  3
ACAD_COLOR
350
63
  3
ACAD_DETAILVIEWSTYLE
350
6A
  3
ACAD_GROUP
350
D
  3
ACAD_LAYOUT
350
62
  3
ACAD_MATERIAL
350
10
  3
ACAD_MLEADERSTYLE
350
66
  3
ACAD_MLINESTYLE
350
5F
  3
ACAD_PLOTSETTINGS
350
61
  3
ACAD_PLOTSTYLENAME
350
E
  3
ACAD_SCALELIST
350
42
  3
ACAD_SECTIONVIEWSTYLE
350
68
  3
ACAD_TABLESTYLE
350
64
  3
ACAD_VISUALSTYLE
350
29
  3
ACDB_RECOMPOSE_DATA
350
3E4
  3
AcDbVariableDictionary
350
3DC
  0
DICTIONARY
  5
63
102
{ACAD_REACTORS
330
C
102
}
330
C
100
AcDbDictionary
281
     1
  0
DICTIONARY
  5
6A
102
{ACAD_REACTORS
330
C
102
}
330
C
100
AcDbDictionary
281
     1
  3
Imperial24
350
6B
  0
DICTIONARY
  5
D
102
{ACAD_REACTORS
330
C
102
}
330
C
100
AcDbDictionary
281
     1
  0
DICTIONARY
  5
62
102
{ACAD_REACTORS
330
C
102
}
330
C
100
AcDbDictionary
281
     1
  3
Layout1
350
6F
  3
Layout2
350
77
  3
Model
350
73
  0
DICTIONARY
  5
10
102
{ACAD_REACTORS
330
C
102
}
330
C
100
AcDbDictionary
281
     1
  3
ByBlock
350
19
  3
ByLayer
350
11
  3
Global
350
21
  0
DICTIONARY
  5
66
102
{ACAD_REACTORS
330
C
102
}
330
C
100
AcDbDictionary
281
     1
  3
Standard
350
67
  0
DICTIONARY
  5
5F
102
{ACAD_REACTORS
330
C
102
}
330
C
100
AcDbDictionary
281
     1
  3
Standard
350
60
  0
DICTIONARY
  5
61
102
{ACAD_REACTORS
330
C
102
}
330
C
100
AcDbDictionary
281
     1
  0
ACDBDICTIONARYWDFLT
  5
E
102
{ACAD_REACTORS
330
C
102
}
330
C
100
AcDbDictionary
281
     1
  3
Normal
350
F
100
AcDbDictionaryWithDefault
340
F
  0
DICTIONARY
  5
42
102
{ACAD_REACTORS
330
C
102
}
330
C
100
AcDbDictionary
281
     1
  3
A0
350
43
  3
A1
350
44
  3
A2
350
45
  3
A3
350
46
  3
A4
350
47
  3
A5
350
48
  3
A6
350
49
  3
A7
350
4A
  3
A8
350
4B
  3
A9
350
4C
  3
B0
350
4D
  3
B1
350
4E
  3
B2
350
4F
  3
B3
350
50
  3
B4
350
51
  3
B5
350
52
  3
B6
350
53
  0
DICTIONARY
  5
68
102
{ACAD_REACTORS
330
C
102
}
330
C
100
AcDbDictionary
281
     1
  3
Imperial24
350
69
  0
DICTIONARY
  5
64
102
{ACAD_REACTORS
330
C
102
}
330
C
100
AcDbDictionary
281
     1
  3
Standard
350
65
  0
DICTIONARY
  5
29
102
{ACAD_REACTORS
330
C
102
}
330
C
100
AcDbDictionary
281
     1
  3
2dWireframe
350
2F
  3
Basic
350
2E
  3
Brighten
350
35
  3
ColorChange
350
39
  3
Conceptual
350
32
  3
Dim
350
34
  3
EdgeColorOff
350
41
  3
Facepattern
350
38
  3
Flat
350
2A
  3
FlatWithEdges
350
2B
  3
Gouraud
350
2C
  3
GouraudWithEdges
350
2D
  3
Hidden
350
31
  3
JitterOff
350
3F
  3
Linepattern
350
37
  3
OverhangOff
350
40
  3
Realistic
350
33
  3
Shaded
350
3E
  3
Shaded with edges
350
3D
  3
Shades of Gray
350
3A
  3
Sketchy
350
3B
  3
Thicken
350
36
  3
Wireframe
350
30
  3
X-Ray
350
3C
  0
XRECORD
  5
3E4
102
{ACAD_REACTORS
330
C
102
}
330
C
100
AcDbXrecord
280
     1
 90
        1
330
65
  0
DICTIONARY
  5
3DC
102
{ACAD_REACTORS
330
C
102
}
330
C
100
AcDbDictionary
281
     1
  3
CANNOSCALE
350
3E1
  3
CMLEADERSTYLE
350
3DE
  3
CTABLESTYLE
350
3DD
  3
CVIEWDETAILSTYLE
350
3DF
  3
CVIEWSECTIONSTYLE
350
3E0
  0
ACDBDETAILVIEWSTYLE
  5
6B
102
{ACAD_XDICTIONARY
360
3E7
102
}
102
{ACAD_REACTORS
330
6A
102
}
330
6A
100
AcDbModelDocViewStyle
 70
     0
  3
Imperial24
290
     0
100
AcDbDetailViewStyle
 70
     0
 71
     0
 90
        3
 71
     1
340
55
 62
   256
 40
0.24
340
0
 62
   256
 40
0.24
300

 40
0.36
280
     3
 71
     2
340
5D
 90
       25
 62
   256
 71
     3
340
55
 62
   256
 40
0.24
 90
        1
 40
0.75
 90
        1
300
%<\AcVar ViewType \f "%tc1">% %<\AcVar ViewDetailId>%\PSCALE %<\AcVar ViewScale \f "%sn">%
 71
     4
340
5D
 90
       25
 62
   256
340
5D
 90
       25
 62
   256
280
     0
  0
LAYOUT
  5
6F
102
{ACAD_REACTORS
330
62
102
}
330
62
100
AcDbPlotSettings
  1

  2

  4

  6

 40
0.0
 41
0.0
 42
0.0
 43
0.0
 44
0.0
 45
0.0
 46
0.0
 47
0.0
 48
0.0
 49
0.0
140
0.0
141
0.0
142
1.0
143
1.0
 70
   688
 72
     0
 73
     0
 74
     5
  7

 75
    16
147
1.0
 76
     0
 77
     2
 78
   300
148
0.0
149
0.0
100
AcDbLayout
  1
Layout1
 70
     1
 71
     1
 10
0.0
 20
0.0
 11
12.0
 21
9.0
 12
0.0
 22
0.0
 32
0.0
 14
0.0
 24
0.0
 34
0.0
 15
0.0
 25
0.0
 35
0.0
146
0.0
 13
0.0
 23
0.0
 33
0.0
 16
1.0
 26
0.0
 36
0.0
 17
0.0
 27
1.0
 37
0.0
 76
     0
330
6C
  0
LAYOUT
  5
77
102
{ACAD_REACTORS
330
62
102
}
330
62
100
AcDbPlotSettings
  1

  2

  4

  6

 40
0.0
 41
0.0
 42
0.0
 43
0.0
 44
0.0
 45
0.0
 46
0.0
 47
0.0
 48
0.0
 49
0.0
140
0.0
141
0.0
142
1.0
143
1.0
 70
   688
 72
     0
 73
     0
 74
     5
  7

 75
    16
147
1.0
 76
     0
 77
     2
 78
   300
148
0.0
149
0.0
100
AcDbLayout
  1
Layout2
 70
     1
 71
     2
 10
0.0
 20
0.0
 11
12.0
 21
9.0
 12
0.0
 22
0.0
 32
0.0
 14
0.0
 24
0.0
 34
0.0
 15
0.0
 25
0.0
 35
0.0
146
0.0
 13
0.0
 23
0.0
 33
0.0
 16
1.0
 26
0.0
 36
0.0
 17
0.0
 27
1.0
 37
0.0
 76
     0
330
74
  0
LAYOUT
  5
73
102
{ACAD_REACTORS
330
62
102
}
330
62
100
AcDbPlotSettings
  1

  2

  4

  6

 40
0.0
 41
0.0
 42
0.0
 43
0.0
 44
0.0
 45
0.0
 46
0.0
 47
0.0
 48
0.0
 49
0.0
140
0.0
141
0.0
142
1.0
143
1.0
 70
  1712
 72
     0
 73
     0
 74
     0
  7

 75
     0
147
1.0
 76
     0
 77
     2
 78
   300
148
0.0
149
0.0
100
AcDbLayout
  1
Model
 70
     1
 71
     0
 10
0.0
 20
0.0
 11
12.0
 21
9.0
 12
0.0
 22
0.0
 32
0.0
 14
0.0
 24
0.0
 34
0.0
 15
0.0
 25
0.0
 35
0.0
146
0.0
 13
0.0
 23
0.0
 33
0.0
 16
1.0
 26
0.0
 36
0.0
 17
0.0
 27
1.0
 37
0.0
 76
     0
330
70
  0
MATERIAL
  5
19
102
{ACAD_XDICTIONARY
360
1A
102
}
102
{ACAD_REACTORS
330
10
102
}
330
10
100
AcDbMaterial
  1
ByBlock
 72
     0
 43
0.0208333333333333
 43
0.0
 43
0.0
 43
0.0
 43
0.0
 43
0.0208333333333333
 43
0.0
 43
0.0
 43
0.0
 43
0.0
 43
1.0
 43
0.0
 43
0.0
 43
0.0
 43
0.0
 43
1.0
 77
     0
 47
0.0208333333333333
 47
0.0
 47
0.0
 47
0.0
 47
0.0
 47
0.0208333333333333
 47
0.0
 47
0.0
 47
0.0
 47
0.0
 47
1.0
 47
0.0
 47
0.0
 47
0.0
 47
0.0
 47
1.0
171
     0
 49
0.0208333333333333
 49
0.0
 49
0.0
 49
0.0
 49
0.0
 49
0.0208333333333333
 49
0.0
 49
0.0
 49
0.0
 49
0.0
 49
1.0
 49
0.0
 49
0.0
 49
0.0
 49
0.0
 49
1.0
175
     0
142
0.0208333333333333
142
0.0
142
0.0
142
0.0
142
0.0
142
0.0208333333333333
142
0.0
142
0.0
142
0.0
142
0.0
142
1.0
142
0.0
142
0.0
142
0.0
142
0.0
142
1.0
179
     0
144
0.0208333333333333
144
0.0
144
0.0
144
0.0
144
0.0
144
0.0208333333333333
144
0.0
144
0.0
144
0.0
144
0.0
144
1.0
144
0.0
144
0.0
144
0.0
144
0.0
144
1.0
147
0.0208333333333333
147
0.0
147
0.0
147
0.0
147
0.0
147
0.0208333333333333
147
0.0
147
0.0
147
0.0
147
0.0
147
1.0
147
0.0
147
0.0
147
0.0
147
0.0
147
1.0
  0
MATERIAL
  5
11
102
{ACAD_XDICTIONARY
360
12
102
}
102
{ACAD_REACTORS
330
10
102
}
330
10
100
AcDbMaterial
  1
ByLayer
 72
     0
 43
0.0208333333333333
 43
0.0
 43
0.0
 43
0.0
 43
0.0
 43
0.0208333333333333
 43
0.0
 43
0.0
 43
0.0
 43
0.0
 43
1.0
 43
0.0
 43
0.0
 43
0.0
 43
0.0
 43
1.0
 77
     0
 47
0.0208333333333333
 47
0.0
 47
0.0
 47
0.0
 47
0.0
 47
0.0208333333333333
 47
0.0
 47
0.0
 47
0.0
 47
0.0
 47
1.0
 47
0.0
 47
0.0
 47
0.0
 47
0.0
 47
1.0
171
     0
 49
0.0208333333333333
 49
0.0
 49
0.0
 49
0.0
 49
0.0
 49
0.0208333333333333
 49
0.0
 49
0.0
 49
0.0
 49
0.0
 49
1.0
 49
0.0
 49
0.0
 49
0.0
 49
0.0
 49
1.0
175
     0
142
0.0208333333333333
142
0.0
142
0.0
142
0.0
142
0.0
142
0.0208333333333333
142
0.0
142
0.0
142
0.0
142
0.0
142
1.0
142
0.0
142
0.0
142
0.0
142
0.0
142
1.0
179
     0
144
0.0208333333333333
144
0.0
144
0.0
144
0.0
144
0.0
144
0.0208333333333333
144
0.0
144
0.0
144
0.0
144
0.0
144
1.0
144
0.0
144
0.0
144
0.0
144
0.0
144
1.0
147
0.0208333333333333
147
0.0
147
0.0
147
0.0
147
0.0
147
0.0208333333333333
147
0.0
147
0.0
147
0.0
147
0.0
147
1.0
147
0.0
147
0.0
147
0.0
147
0.0
147
1.0
  0
MATERIAL
  5
21
102
{ACAD_XDICTIONARY
360
22
102
}
102
{ACAD_REACTORS
330
10
102
}
330
10
100
AcDbMaterial
  1
Global
 72
     0
 43
0.0208333333333333
 43
0.0
 43
0.0
 43
0.0
 43
0.0
 43
0.0208333333333333
 43
0.0
 43
0.0
 43
0.0
 43
0.0
 43
1.0
 43
0.0
 43
0.0
 43
0.0
 43
0.0
 43
1.0
 77
     0
 47
0.0208333333333333
 47
0.0
 47
0.0
 47
0.0
 47
0.0
 47
0.0208333333333333
 47
0.0
 47
0.0
 47
0.0
 47
0.0
 47
1.0
 47
0.0
 47
0.0
 47
0.0
 47
0.0
 47
1.0
171
     0
 49
0.0208333333333333
 49
0.0
 49
0.0
 49
0.0
 49
0.0
 49
0.0208333333333333
 49
0.0
 49
0.0
 49
0.0
 49
0.0
 49
1.0
 49
0.0
 49
0.0
 49
0.0
 49
0.0
 49
1.0
175
     0
142
0.0208333333333333
142
0.0
142
0.0
142
0.0
142
0.0
142
0.0208333333333333
142
0.0
142
0.0
142
0.0
142
0.0
142
1.0
142
0.0
142
0.0
142
0.0
142
0.0
142
1.0
179
     0
144
0.0208333333333333
144
0.0
144
0.0
144
0.0
144
0.0
144
0.0208333333333333
144
0.0
144
0.0
144
0.0
144
0.0
144
1.0
144
0.0
144
0.0
144
0.0
144
0.0
144
1.0
147
0.0208333333333333
147
0.0
147
0.0
147
0.0
147
0.0
147
0.0208333333333333
147
0.0
147
0.0
147
0.0
147
0.0
147
1.0
147
0.0
147
0.0
147
0.0
147
0.0
147
1.0
  0
MLEADERSTYLE
  5
67
102
{ACAD_REACTORS
330
66
102
}
330
66
100
AcDbMLeaderStyle
179
     2
170
     2
171
     1
172
     0
 90
        2
 40
0.0
 41
0.0
173
     1
 91
-1056964608
340
5B
 92
       -2
290
     1
 42
0.09
291
     1
 43
0.36
  3
Standard
 44
0.18
300

342
55
174
     1
178
     6
175
     1
176
     0
 93
-1056964608
 45
0.18
292
     0
297
     0
 46
0.18
 94
-1056964608
 47
1.0
 49
1.0
140
1.0
293
     1
141
0.0
294
     1
177
     0
142
1.0
295
     0
296
     0
143
0.125
271
     0
272
     9
273
     9
298
     1
  0
MLINESTYLE
  5
60
102
{ACAD_REACTORS
330
5F
102
}
330
5F
100
AcDbMlineStyle
  2
STANDARD
 70
     0
  3

 62
   256
 51
90.0
 52
90.0
 71
     2
 49
0.5
 62
   256
  6
BYLAYER
 49
-0.5
 62
   256
  6
BYLAYER
  0
ACDBPLACEHOLDER
  5
F
102
{ACAD_REACTORS
330
E
102
}
330
E
  0
SCALE
  5
43
102
{ACAD_REACTORS
330
42
102
}
330
42
100
AcDbScale
 70
     0
300
1:1
140
1.0
141
1.0
290
     1
  0
SCALE
  5
44
102
{ACAD_REACTORS
330
42
102
}
330
42
100
AcDbScale
 70
     0
300
1/128" = 1'-0"
140
0.0078125
141
12.0
290
     0
  0
SCALE
  5
45
102
{ACAD_REACTORS
330
42
102
}
330
42
100
AcDbScale
 70
     0
300
1/64" = 1'-0"
140
0.015625
141
12.0
290
     0
  0
SCALE
  5
46
102
{ACAD_REACTORS
330
42
102
}
330
42
100
AcDbScale
 70
     0
300
1/32" = 1'-0"
140
0.03125
141
12.0
290
     0
  0
SCALE
  5
47
102
{ACAD_REACTORS
330
42
102
}
330
42
100
AcDbScale
 70
     0
300
1/16" = 1'-0"
140
0.0625
141
12.0
290
     0
  0
SCALE
  5
48
102
{ACAD_REACTORS
330
42
102
}
330
42
100
AcDbScale
 70
     0
300
3/32" = 1'-0"
140
0.09375
141
12.0
290
     0
  0
SCALE
  5
49
102
{ACAD_REACTORS
330
42
102
}
330
42
100
AcDbScale
 70
     0
300
1/8" = 1'-0"
140
0.125
141
12.0
290
     0
  0
SCALE
  5
4A
102
{ACAD_REACTORS
330
42
102
}
330
42
100
AcDbScale
 70
     0
300
3/16" = 1'-0"
140
0.1875
141
12.0
290
     0
  0
SCALE
  5
4B
102
{ACAD_REACTORS
330
42
102
}
330
42
100
AcDbScale
 70
     0
300
1/4" = 1'-0"
140
0.25
141
12.0
290
     0
  0
SCALE
  5
4C
102
{ACAD_REACTORS
330
42
102
}
330
42
100
AcDbScale
 70
     0
300
3/8" = 1'-0"
140
0.375
141
12.0
290
     0
  0
SCALE
  5
4D
102
{ACAD_REACTORS
330
42
102
}
330
42
100
AcDbScale
 70
     0
300
1/2" = 1'-0"
140
0.5
141
12.0
290
     0
  0
SCALE
  5
4E
102
{ACAD_REACTORS
330
42
102
}
330
42
100
AcDbScale
 70
     0
300
3/4" = 1'-0"
140
0.75
141
12.0
290
     0
  0
SCALE
  5
4F
102
{ACAD_REACTORS
330
42
102
}
330
42
100
AcDbScale
 70
     0
300
1" = 1'-0"
140
1.0
141
12.0
290
     0
  0
SCALE
  5
50
102
{ACAD_REACTORS
330
42
102
}
330
42
100
AcDbScale
 70
     0
300
1-1/2" = 1'-0"
140
1.5
141
12.0
290
     0
  0
SCALE
  5
51
102
{ACAD_REACTORS
330
42
102
}
330
42
100
AcDbScale
 70
     0
300
3" = 1'-0"
140
3.0
141
12.0
290
     0
  0
SCALE
  5
52
102
{ACAD_REACTORS
330
42
102
}
330
42
100
AcDbScale
 70
     0
300
6" = 1'-0"
140
6.0
141
12.0
290
     0
  0
SCALE
  5
53
102
{ACAD_REACTORS
330
42
102
}
330
42
100
AcDbScale
 70
     0
300
1'-0" = 1'-0"
140
12.0
141
12.0
290
     0
  0
ACDBSECTIONVIEWSTYLE
  5
69
102
{ACAD_XDICTIONARY
360
3E5
102
}
102
{ACAD_REACTORS
330
68
102
}
330
68
100
AcDbModelDocViewStyle
 70
     0
  3
Imperial24
290
     0
100
AcDbSectionViewStyle
 70
     0
 71
     0
 90
       78
 71
     1
340
55
 62
   256
 40
0.24
340
0
340
0
 62
   256
 40
0.24
300
I, O, Q, S, X, Z
 40
0.48
 90
        3
 40
0.18
 90
        1
 71
     2
340
5D
 90
       25
 62
   256
340
5D
 90
       50
 62
   256
 40
0.24
 40
0.0
 40
0.24
 71
     3
340
55
 62
   256
 40
0.24
 90
        1
 40
0.75
 90
        1
300
%<\AcVar ViewType \f "%tc1">% %<\AcVar ViewSectionStartId>%-%<\AcVar ViewSectionEndId>%\PSCALE %<\AcVar ViewScale \f "%sn">%
 71
     4
 62
   256
 62
   257
300
ANSI31
 40
1.0
 90
        0
290
     0
290
     0
 90
        6
 40
0.0
 40
1.570796326794896
 40
0.2617993877991494
 40
1.308996938995747
 40
-0.2617993877991494
 40
1.832595714594046
  0
TABLESTYLE
  5
65
102
{ACAD_XDICTIONARY
360
3E2
102
}
102
{ACAD_REACTORS
330
64
102
}
330
64
100
AcDbTableStyle
280
     0
  3
Standard
 70
     0
 71
     0
 40
0.06
 41
0.06
280
     0
281
     0
  7
Standard
140
0.18
170
     2
 62
     0
 63
     7
283
     0
 90
      512
 91
        0
  1

274
    -2
284
     1
 64
     0
275
    -2
285
     1
 65
     0
276
    -2
286
     1
 66
     0
277
    -2
287
     1
 67
     0
278
    -2
288
     1
 68
     0
279
    -2
289
     1
 69
     0
  7
Standard
140
0.25
170
     5
 62
     0
 63
     7
283
     0
 90
      512
 91
        0
  1

274
    -2
284
     1
 64
     0
275
    -2
285
     1
 65
     0
276
    -2
286
     1
 66
     0
277
    -2
287
     1
 67
     0
278
    -2
288
     1
 68
     0
279
    -2
289
     1
 69
     0
  7
Standard
140
0.18
170
     5
 62
     0
 63
     7
283
     0
 90
      512
 91
        0
  1

274
    -2
284
     1
 64
     0
275
    -2
285
     1
 65
     0
276
    -2
286
     1
 66
     0
277
    -2
287
     1
 67
     0
278
    -2
288
     1
 68
     0
279
    -2
289
     1
 69
     0
  0
VISUALSTYLE
  5
2F
102
{ACAD_REACTORS
330
29
102
}
330
29
100
AcDbVisualStyle
  2
2dWireframe
 70
     4
177
     3
291
     0
 70
    58
 90
        0
176
     1
 90
        2
176
     1
 90
        0
176
     1
 90
        0
176
     1
 40
0.6
176
     1
 40
30.0
176
     1
 62
     7
420
 16777215
176
     1
 90
        1
176
     1
 90
        4
176
     1
 62
     7
176
     1
 62
   257
176
     1
 90
        1
176
     1
 90
        1
176
     1
 40
1.0
176
     1
 90
        0
176
     1
 62
   257
176
     1
 40
1.0
176
     1
 90
        1
176
     1
 90
        6
176
     1
 90
        2
176
     1
 62
     7
176
     1
 90
        5
176
     1
 90
        0
176
     1
 90
        0
176
     1
290
     0
176
     1
 90
        1
176
     1
 40
0.0
176
     1
 90
        0
176
     1
290
     1
176
     1
290
     1
176
     1
290
     0
176
     1
290
     0
176
     1
290
     0
176
     1
290
     0
176
     1
290
     0
176
     1
290
     0
176
     1
290
     0
176
     1
 90
       50
176
     1
 40
0.0
176
     1
 40
1.0
176
     1
 90
        0
176
     1
 62
    18
420
        0
176
     1
 90
       50
176
     1
 90
        3
176
     1
 62
     5
420
      255
176
     1
290
     0
176
     1
 90
       50
176
     1
 90
       50
176
     1
 90
       50
176
     1
290
     0
176
     1
 90
       50
176
     1
 62
   256
176
     0
 40
1.0
176
     0
 90
        2
176
     1
  1
strokes_ogs.tif
176
     1
290
     0
176
     1
 40
1.0
176
     1
 40
1.0
176
     1
1001
ACAD
1000
AcDbSavedByObjectVersion
1070
     0
  0
VISUALSTYLE
  5
2E
102
{ACAD_REACTORS
330
29
102
}
330
29
100
AcDbVisualStyle
  2
Basic
 70
     7
177
     3
291
     1
 70
    58
 90
        1
176
     1
 90
        0
176
     1
 90
        1
176
     1
 90
        0
176
     1
 40
0.6
176
     1
 40
30.0
176
     1
 62
     7
420
 16777215
176
     1
 90
        0
176
     1
 90
        4
176
     1
 62
     7
176
     1
 62
   257
176
     1
 90
        1
176
     1
 90
        1
176
     1
 40
1.0
176
     1
 90
        8
176
     1
 62
     7
176
     1
 40
1.0
176
     1
 90
        1
176
     1
 90
        6
176
     1
 90
        2
176
     1
 62
     7
176
     1
 90
        5
176
     1
 90
        0
176
     1
 90
        0
176
     1
290
     0
176
     1
 90
        1
176
     1
 40
0.0
176
     1
 90
        0
176
     1
290
     0
176
     1
290
     1
176
     1
290
     1
176
     1
290
     0
176
     1
290
     0
176
     1
290
     0
176
     1
290
     0
176
     1
290
     0
176
     1
290
     0
176
     1
 90
       50
176
     1
 40
0.0
176
     1
 40
1.0
176
     1
 90
        0
176
     1
 62
    18
420
        0
176
     1
 90
       50
176
     1
 90
        3
176
     1
 62
     5
420
      255
176
     1
290
     0
176
     1
 90
       50
176
     1
 90
       50
176
     1
 90
       50
176
     1
290
     0
176
     1
 90
       50
176
     1
 62
   256
176
     0
 40
1.0
176
     0
 90
        2
176
     1
  1
strokes_ogs.tif
176
     1
290
     0
176
     1
 40
1.0
176
     1
 40
1.0
176
     1
1001
ACAD
1000
AcDbSavedByObjectVersion
1070
     0
  0
VISUALSTYLE
  5
35
102
{ACAD_REACTORS
330
29
102
}
330
29
100
AcDbVisualStyle
  2
Brighten
 70
    12
177
     3
291
     1
 70
    58
 90
        2
176
     1
 90
        2
176
     1
 90
        0
176
     1
 90
        0
176
     1
 40
0.6
176
     1
 40
30.0
176
     1
 62
     7
420
 16777215
176
     1
 90
        1
176
     1
 90
        4
176
     1
 62
     7
176
     1
 62
   257
176
     1
 90
        1
176
     1
 90
        1
176
     1
 40
1.0
176
     1
 90
        8
176
     1
 62
     7
176
     1
 40
1.0
176
     1
 90
        1
176
     1
 90
        6
176
     1
 90
        2
176
     1
 62
     7
176
     1
 90
        5
176
     1
 90
        0
176
     1
 90
        0
176
     1
290
     0
176
     1
 90
        1
176
     1
 40
50.0
176
     1
 90
        0
176
     1
290
     0
176
     1
290
     1
176
     1
290
     1
176
     1
290
     0
176
     1
290
     0
176
     1
290
     0
176
     1
290
     0
176
     1
290
     0
176
     1
290
     0
176
     1
 90
       50
176
     1
 40
0.0
176
     1
 40
1.0
176
     1
 90
        0
176
     1
 62
    18
420
        0
176
     1
 90
       50
176
     1
 90
        3
176
     1
 62
     5
420
      255
176
     1
290
     0
176
     1
 90
       50
176
     1
 90
       50
176
     1
 90
       50
176
     1
290
     0
176
     1
 90
       50
176
     1
 62
   256
176
     0
 40
1.0
176
     0
 90
        2
176
     1
  1
strokes_ogs.tif
176
     1
290
     0
176
     1
 40
1.0
176
     1
 40
1.0
176
     1
1001
ACAD
1000
AcDbSavedByObjectVersion
1070
     0
  0
VISUALSTYLE
  5
39
102
{ACAD_REACTORS
330
29
102
}
330
29
100
AcDbVisualStyle
  2
ColorChange
 70
    16
177
     3
291
     1
 70
    58
 90
        2
176
     1
 90
        2
176
     1
 90
        3
176
     1
 90
        0
176
     1
 40
0.6
176
     1
 40
30.0
176
     1
 62
     8
420
  8421504
176
     1
 90
        1
176
     1
 90
        4
176
     1
 62
     7
176
     1
 62
   257
176
     1
 90
        1
176
     1
 90
        1
176
     1
 40
1.0
176
     1
 90
        8
176
     1
 62
     8
420
  8421504
176
     1
 40
1.0
176
     1
 90
        1
176
     1
 90
        6
176
     1
 90
        2
176
     1
 62
     7
176
     1
 90
        5
176
     1
 90
        0
176
     1
 90
        0
176
     1
290
     0
176
     1
 90
        1
176
     1
 40
0.0
176
     1
 90
        0
176
     1
290
     0
176
     1
290
     1
176
     1
290
     1
176
     1
290
     0
176
     1
290
     0
176
     1
290
     0
176
     1
290
     0
176
     1
290
     0
176
     1
290
     0
176
     1
 90
       50
176
     1
 40
0.0
176
     1
 40
1.0
176
     1
 90
        0
176
     1
 62
    18
420
        0
176
     1
 90
       50
176
     1
 90
        3
176
     1
 62
     5
420
      255
176
     1
290
     0
176
     1
 90
       50
176
     1
 90
       50
176
     1
 90
       50
176
     1
290
     0
176
     1
 90
       50
176
     1
 62
   256
176
     0
 40
1.0
176
     0
 90
        2
176
     1
  1
strokes_ogs.tif
176
     1
290
     0
176
     1
 40
1.0
176
     1
 40
1.0
176
     1
1001
ACAD
1000
AcDbSavedByObjectVersion
1070
     0
  0
VISUALSTYLE
  5
32
102
{ACAD_REACTORS
330
29
102
}
330
29
100
AcDbVisualStyle
  2
Conceptual
 70
     9
177
     3
291
     0
 70
    58
 90
        3
176
     1
 90
        2
176
     1
 90
        0
176
     1
 90
        0
176
     1
 40
0.6
176
     1
 40
30.0
176
     1
 62
     7
420
 16777215
176
     1
 90
        2
176
     1
 90
        2
176
     1
 62
     7
176
     1
 62
   257
176
     1
 90
        1
176
     1
 90
        1
176
     1
 40
179.0
176
     1
 90
        8
176
     1
 62
     7
176
     1
 40
1.0
176
     1
 90
        1
176
     1
 90
        6
176
     1
 90
        2
176
     1
 62
     7
176
     1
 90
        3
176
     1
 90
        0
176
     1
 90
        0
176
     1
290
     0
176
     1
 90
        1
176
     1
 40
0.0
176
     1
 90
        0
176
     1
290
     0
176
     1
290
     1
176
     1
290
     1
176
     1
290
     0
176
     1
290
     0
176
     1
290
     0
176
     1
290
     0
176
     1
290
     0
176
     1
290
     0
176
     1
 90
       50
176
     1
 40
0.0
176
     1
 40
1.0
176
     1
 90
        0
176
     1
 62
    18
420
        0
176
     1
 90
       50
176
     1
 90
        3
176
     1
 62
     5
420
      255
176
     1
290
     0
176
     1
 90
       50
176
     1
 90
       50
176
     1
 90
       50
176
     1
290
     0
176
     1
 90
       50
176
     1
 62
   256
176
     0
 40
1.0
176
     0
 90
        2
176
     1
  1
strokes_ogs.tif
176
     1
290
     0
176
     1
 40
1.0
176
     1
 40
1.0
176
     1
1001
ACAD
1000
AcDbSavedByObjectVersion
1070
     0
  0
VISUALSTYLE
  5
34
102
{ACAD_REACTORS
330
29
102
}
330
29
100
AcDbVisualStyle
  2
Dim
 70
    11
177
     3
291
     1
 70
    58
 90
        2
176
     1
 90
        2
176
     1
 90
        0
176
     1
 90
        0
176
     1
 40
0.6
176
     1
 40
30.0
176
     1
 62
     7
420
 16777215
176
     1
 90
        1
176
     1
 90
        4
176
     1
 62
     7
176
     1
 62
   257
176
     1
 90
        1
176
     1
 90
        1
176
     1
 40
1.0
176
     1
 90
        8
176
     1
 62
     7
176
     1
 40
1.0
176
     1
 90
        1
176
     1
 90
        6
176
     1
 90
        2
176
     1
 62
     7
176
     1
 90
        5
176
     1
 90
        0
176
     1
 90
        0
176
     1
290
     0
176
     1
 90
        1
176
     1
 40
-50.0
176
     1
 90
        0
176
     1
290
     0
176
     1
290
     1
176
     1
290
     1
176
     1
290
     0
176
     1
290
     0
176
     1
290
     0
176
     1
290
     0
176
     1
290
     0
176
     1
290
     0
176
     1
 90
       50
176
     1
 40
0.0
176
     1
 40
1.0
176
     1
 90
        0
176
     1
 62
    18
420
        0
176
     1
 90
       50
176
     1
 90
        3
176
     1
 62
     5
420
      255
176
     1
290
     0
176
     1
 90
       50
176
     1
 90
       50
176
     1
 90
       50
176
     1
290
     0
176
     1
 90
       50
176
     1
 62
   256
176
     0
 40
1.0
176
     0
 90
        2
176
     1
  1
strokes_ogs.tif
176
     1
290
     0
176
     1
 40
1.0
176
     1
 40
1.0
176
     1
1001
ACAD
1000
AcDbSavedByObjectVersion
1070
     0
  0
VISUALSTYLE
  5
41
102
{ACAD_REACTORS
330
29
102
}
330
29
100
AcDbVisualStyle
  2
EdgeColorOff
 70
    22
177
     3
291
     1
 70
    58
 90
        2
176
     0
 90
        2
176
     0
 90
        0
176
     0
 90
        0
176
     0
 40
0.6
176
     0
 40
30.0
176
     0
 62
     7
420
 16777215
176
     0
 90
        1
176
     0
 90
        4
176
     0
 62
     7
176
     0
 62
   257
176
     0
 90
        1
176
     0
 90
        1
176
     0
 40
1.0
176
     0
 90
        8
176
     2
 62
     7
176
     0
 40
1.0
176
     0
 90
        1
176
     0
 90
        6
176
     0
 90
        2
176
     0
 62
     7
176
     0
 90
        5
176
     0
 90
        0
176
     0
 90
        0
176
     0
290
     0
176
     0
 90
        1
176
     0
 40
0.0
176
     0
 90
        0
176
     0
290
     0
176
     0
290
     1
176
     0
290
     1
176
     0
290
     0
176
     0
290
     0
176
     0
290
     0
176
     0
290
     0
176
     0
290
     0
176
     0
290
     0
176
     0
 90
       50
176
     0
 40
0.0
176
     0
 40
1.0
176
     0
 90
        0
176
     0
 62
    18
420
        0
176
     0
 90
       50
176
     0
 90
        3
176
     0
 62
     5
420
      255
176
     0
290
     0
176
     0
 90
       50
176
     0
 90
       50
176
     0
 90
       50
176
     0
290
     0
176
     0
 90
       50
176
     0
 62
   256
176
     0
 40
1.0
176
     0
 90
        2
176
     0
  1
strokes_ogs.tif
176
     0
290
     0
176
     0
 40
1.0
176
     0
 40
1.0
176
     0
1001
ACAD
1000
AcDbSavedByObjectVersion
1070
     0
  0
VISUALSTYLE
  5
38
102
{ACAD_REACTORS
330
29
102
}
330
29
100
AcDbVisualStyle
  2
Facepattern
 70
    15
177
     3
291
     1
 70
    58
 90
        2
176
     1
 90
        2
176
     1
 90
        0
176
     1
 90
        0
176
     1
 40
0.6
176
     1
 40
30.0
176
     1
 62
     7
420
 16777215
176
     1
 90
        1
176
     1
 90
        4
176
     1
 62
     7
176
     1
 62
   257
176
     1
 90
        1
176
     1
 90
        1
176
     1
 40
1.0
176
     1
 90
        8
176
     1
 62
     7
176
     1
 40
1.0
176
     1
 90
        1
176
     1
 90
        6
176
     1
 90
        2
176
     1
 62
     7
176
     1
 90
        5
176
     1
 90
        0
176
     1
 90
        0
176
     1
290
     0
176
     1
 90
        1
176
     1
 40
0.0
176
     1
 90
        0
176
     1
290
     0
176
     1
290
     1
176
     1
290
     1
176
     1
290
     0
176
     1
290
     0
176
     1
290
     0
176
     1
290
     0
176
     1
290
     0
176
     1
290
     0
176
     1
 90
       50
176
     1
 40
0.0
176
     1
 40
1.0
176
     1
 90
        0
176
     1
 62
    18
420
        0
176
     1
 90
       50
176
     1
 90
        3
176
     1
 62
     5
420
      255
176
     1
290
     0
176
     1
 90
       50
176
     1
 90
       50
176
     1
 90
       50
176
     1
290
     0
176
     1
 90
       50
176
     1
 62
   256
176
     0
 40
1.0
176
     0
 90
        2
176
     1
  1
strokes_ogs.tif
176
     1
290
     0
176
     1
 40
1.0
176
     1
 40
1.0
176
     1
1001
ACAD
1000
AcDbSavedByObjectVersion
1070
     0
  0
VISUALSTYLE
  5
2A
102
{ACAD_REACTORS
330
29
102
}
330
29
100
AcDbVisualStyle
  2
Flat
 70
     0
177
     3
291
     1
 70
    58
 90
        2
176
     1
 90
        1
176
     1
 90
        1
176
     1
 90
        2
176
     1
 40
0.6
176
     1
 40
30.0
176
     1
 62
     7
420
 16777215
176
     1
 90
        0
176
     1
 90
        0
176
     1
 62
     7
176
     1
 62
   257
176
     1
 90
        1
176
     1
 90
        1
176
     1
 40
1.0
176
     1
 90
        8
176
     1
 62
     7
176
     1
 40
1.0
176
     1
 90
        1
176
     1
 90
        6
176
     1
 90
        2
176
     1
 62
     7
176
     1
 90
        5
176
     1
 90
        0
176
     1
 90
        0
176
     1
290
     0
176
     1
 90
       13
176
     1
 40
0.0
176
     1
 90
        0
176
     1
290
     0
176
     1
290
     1
176
     1
290
     1
176
     1
290
     0
176
     1
290
     0
176
     1
290
     0
176
     1
290
     0
176
     1
290
     0
176
     1
290
     0
176
     1
 90
       50
176
     1
 40
0.0
176
     1
 40
1.0
176
     1
 90
        0
176
     1
 62
    18
420
        0
176
     1
 90
       50
176
     1
 90
        3
176
     1
 62
     5
420
      255
176
     1
290
     0
176
     1
 90
       50
176
     1
 90
       50
176
     1
 90
       50
176
     1
290
     0
176
     1
 90
       50
176
     1
 62
   256
176
     0
 40
1.0
176
     0
 90
        2
176
     1
  1
strokes_ogs.tif
176
     1
290
     0
176
     1
 40
1.0
176
     1
 40
1.0
176
     1
1001
ACAD
1000
AcDbSavedByObjectVersion
1070
     0
  0
VISUALSTYLE
  5
2B
102
{ACAD_REACTORS
330
29
102
}
330
29
100
AcDbVisualStyle
  2
FlatWithEdges
 70
     1
177
     3
291
     1
 70
    58
 90
        2
176
     1
 90
        1
176
     1
 90
        1
176
     1
 90
        2
176
     1
 40
0.6
176
     1
 40
30.0
176
     1
 62
     7
420
 16777215
176
     1
 90
        1
176
     1
 90
        0
176
     1
 62
     7
176
     1
 62
   257
176
     1
 90
        1
176
     1
 90
        1
176
     1
 40
1.0
176
     1
 90
        0
176
     1
 62
   257
176
     1
 40
1.0
176
     1
 90
        1
176
     1
 90
        6
176
     1
 90
        2
176
     1
 62
     7
176
     1
 90
        5
176
     1
 90
        0
176
     1
 90
        0
176
     1
290
     0
176
     1
 90
       13
176
     1
 40
0.0
176
     1
 90
        0
176
     1
290
     0
176
     1
290
     1
176
     1
290
     1
176
     1
290
     0
176
     1
290
     0
176
     1
290
     0
176
     1
290
     0
176
     1
290
     0
176
     1
290
     0
176
     1
 90
       50
176
     1
 40
0.0
176
     1
 40
1.0
176
     1
 90
        0
176
     1
 62
    18
420
        0
176
     1
 90
       50
176
     1
 90
        3
176
     1
 62
     5
420
      255
176
     1
290
     0
176
     1
 90
       50
176
     1
 90
       50
176
     1
 90
       50
176
     1
290
     0
176
     1
 90
       50
176
     1
 62
   256
176
     0
 40
1.0
176
     0
 90
        2
176
     1
  1
strokes_ogs.tif
176
     1
290
     0
176
     1
 40
1.0
176
     1
 40
1.0
176
     1
1001
ACAD
1000
AcDbSavedByObjectVersion
1070
     0
  0
VISUALSTYLE
  5
2C
102
{ACAD_REACTORS
330
29
102
}
330
29
100
AcDbVisualStyle
  2
Gouraud
 70
     2
177
     3
291
     1
 70
    58
 90
        2
176
     1
 90
        2
176
     1
 90
        1
176
     1
 90
        2
176
     1
 40
0.6
176
     1
 40
30.0
176
     1
 62
     7
420
 16777215
176
     1
 90
        0
176
     1
 90
        0
176
     1
 62
     7
176
     1
 62
   257
176
     1
 90
        1
176
     1
 90
        1
176
     1
 40
1.0
176
     1
 90
        0
176
     1
 62
     7
176
     1
 40
1.0
176
     1
 90
        1
176
     1
 90
        6
176
     1
 90
        2
176
     1
 62
     7
176
     1
 90
        5
176
     1
 90
        0
176
     1
 90
        0
176
     1
290
     0
176
     1
 90
       13
176
     1
 40
0.0
176
     1
 90
        0
176
     1
290
     0
176
     1
290
     1
176
     1
290
     1
176
     1
290
     0
176
     1
290
     0
176
     1
290
     0
176
     1
290
     0
176
     1
290
     0
176
     1
290
     0
176
     1
 90
       50
176
     1
 40
0.0
176
     1
 40
1.0
176
     1
 90
        0
176
     1
 62
    18
420
        0
176
     1
 90
       50
176
     1
 90
        3
176
     1
 62
     5
420
      255
176
     1
290
     0
176
     1
 90
       50
176
     1
 90
       50
176
     1
 90
       50
176
     1
290
     0
176
     1
 90
       50
176
     1
 62
   256
176
     0
 40
1.0
176
     0
 90
        2
176
     1
  1
strokes_ogs.tif
176
     1
290
     0
176
     1
 40
1.0
176
     1
 40
1.0
176
     1
1001
ACAD
1000
AcDbSavedByObjectVersion
1070
     0
  0
VISUALSTYLE
  5
2D
102
{ACAD_REACTORS
330
29
102
}
330
29
100
AcDbVisualStyle
  2
GouraudWithEdges
 70
     3
177
     3
291
     1
 70
    58
 90
        2
176
     1
 90
        2
176
     1
 90
        1
176
     1
 90
        2
176
     1
 40
0.6
176
     1
 40
30.0
176
     1
 62
     7
420
 16777215
176
     1
 90
        1
176
     1
 90
        0
176
     1
 62
     7
176
     1
 62
   257
176
     1
 90
        1
176
     1
 90
        1
176
     1
 40
1.0
176
     1
 90
        0
176
     1
 62
   257
176
     1
 40
1.0
176
     1
 90
        1
176
     1
 90
        6
176
     1
 90
        2
176
     1
 62
     7
176
     1
 90
        5
176
     1
 90
        0
176
     1
 90
        0
176
     1
290
     0
176
     1
 90
       13
176
     1
 40
0.0
176
     1
 90
        0
176
     1
290
     0
176
     1
290
     1
176
     1
290
     1
176
     1
290
     0
176
     1
290
     0
176
     1
290
     0
176
     1
290
     0
176
     1
290
     0
176
     1
290
     0
176
     1
 90
       50
176
     1
 40
0.0
176
     1
 40
1.0
176
     1
 90
        0
176
     1
 62
    18
420
        0
176
     1
 90
       50
176
     1
 90
        3
176
     1
 62
     5
420
      255
176
     1
290
     0
176
     1
 90
       50
176
     1
 90
       50
176
     1
 90
       50
176
     1
290
     0
176
     1
 90
       50
176
     1
 62
   256
176
     0
 40
1.0
176
     0
 90
        2
176
     1
  1
strokes_ogs.tif
176
     1
290
     0
176
     1
 40
1.0
176
     1
 40
1.0
176
     1
1001
ACAD
1000
AcDbSavedByObjectVersion
1070
     0
  0
VISUALSTYLE
  5
31
102
{ACAD_REACTORS
330
29
102
}
330
29
100
AcDbVisualStyle
  2
Hidden
 70
     6
177
     3
291
     0
 70
    58
 90
        1
176
     1
 90
        2
176
     1
 90
        2
176
     1
 90
        0
176
     1
 40
0.6
176
     1
 40
30.0
176
     1
 62
     7
420
 16777215
176
     1
 90
        2
176
     1
 90
        2
176
     1
 62
     7
176
     1
 62
   257
176
     1
 90
        2
176
     1
 90
        1
176
     1
 40
40.0
176
     1
 90
        0
176
     1
 62
   257
176
     1
 40
1.0
176
     1
 90
        1
176
     1
 90
        6
176
     1
 90
        2
176
     1
 62
     7
176
     1
 90
        3
176
     1
 90
        0
176
     1
 90
        0
176
     1
290
     0
176
     1
 90
        1
176
     1
 40
0.0
176
     1
 90
        0
176
     1
290
     0
176
     1
290
     1
176
     1
290
     1
176
     1
290
     0
176
     1
290
     0
176
     1
290
     0
176
     1
290
     0
176
     1
290
     0
176
     1
290
     0
176
     1
 90
       50
176
     1
 40
0.0
176
     1
 40
1.0
176
     1
 90
        0
176
     1
 62
    18
420
        0
176
     1
 90
       50
176
     1
 90
        3
176
     1
 62
     5
420
      255
176
     1
290
     0
176
     1
 90
       50
176
     1
 90
       50
176
     1
 90
       50
176
     1
290
     0
176
     1
 90
       50
176
     1
 62
   256
176
     0
 40
1.0
176
     0
 90
        2
176
     1
  1
strokes_ogs.tif
176
     1
290
     0
176
     1
 40
1.0
176
     1
 40
1.0
176
     1
1001
ACAD
1000
AcDbSavedByObjectVersion
1070
     0
  0
VISUALSTYLE
  5
3F
102
{ACAD_REACTORS
330
29
102
}
330
29
100
AcDbVisualStyle
  2
JitterOff
 70
    20
177
     3
291
     1
 70
    58
 90
        2
176
     0
 90
        2
176
     0
 90
        0
176
     0
 90
        0
176
     0
 40
0.6
176
     0
 40
30.0
176
     0
 62
     7
420
 16777215
176
     0
 90
        1
176
     0
 90
        4
176
     0
 62
     7
176
     0
 62
   257
176
     0
 90
        1
176
     0
 90
        1
176
     0
 40
1.0
176
     0
 90
       10
176
     2
 62
     7
176
     0
 40
1.0
176
     0
 90
        1
176
     0
 90
        6
176
     0
 90
        2
176
     0
 62
     7
176
     0
 90
        5
176
     0
 90
        0
176
     0
 90
        0
176
     0
290
     0
176
     0
 90
        1
176
     0
 40
0.0
176
     0
 90
        0
176
     0
290
     0
176
     0
290
     1
176
     0
290
     1
176
     0
290
     0
176
     0
290
     0
176
     0
290
     0
176
     0
290
     0
176
     0
290
     0
176
     0
290
     0
176
     0
 90
       50
176
     0
 40
0.0
176
     0
 40
1.0
176
     0
 90
        0
176
     0
 62
    18
420
        0
176
     0
 90
       50
176
     0
 90
        3
176
     0
 62
     5
420
      255
176
     0
290
     0
176
     0
 90
       50
176
     0
 90
       50
176
     0
 90
       50
176
     0
290
     0
176
     0
 90
       50
176
     0
 62
   256
176
     0
 40
1.0
176
     0
 90
        2
176
     0
  1
strokes_ogs.tif
176
     0
290
     0
176
     0
 40
1.0
176
     0
 40
1.0
176
     0
1001
ACAD
1000
AcDbSavedByObjectVersion
1070
     0
  0
VISUALSTYLE
  5
37
102
{ACAD_REACTORS
330
29
102
}
330
29
100
AcDbVisualStyle
  2
Linepattern
 70
    14
177
     3
291
     1
 70
    58
 90
        2
176
     1
 90
        2
176
     1
 90
        0
176
     1
 90
        0
176
     1
 40
0.6
176
     1
 40
30.0
176
     1
 62
     7
420
 16777215
176
     1
 90
        1
176
     1
 90
        4
176
     1
 62
     7
176
     1
 62
   257
176
     1
 90
        7
176
     1
 90
        7
176
     1
 40
1.0
176
     1
 90
        8
176
     1
 62
     7
176
     1
 40
1.0
176
     1
 90
        1
176
     1
 90
        6
176
     1
 90
        2
176
     1
 62
     7
176
     1
 90
        5
176
     1
 90
        0
176
     1
 90
        0
176
     1
290
     0
176
     1
 90
        1
176
     1
 40
0.0
176
     1
 90
        0
176
     1
290
     0
176
     1
290
     1
176
     1
290
     1
176
     1
290
     0
176
     1
290
     0
176
     1
290
     0
176
     1
290
     0
176
     1
290
     0
176
     1
290
     0
176
     1
 90
       50
176
     1
 40
0.0
176
     1
 40
1.0
176
     1
 90
        0
176
     1
 62
    18
420
        0
176
     1
 90
       50
176
     1
 90
        3
176
     1
 62
     5
420
      255
176
     1
290
     0
176
     1
 90
       50
176
     1
 90
       50
176
     1
 90
       50
176
     1
290
     0
176
     1
 90
       50
176
     1
 62
   256
176
     0
 40
1.0
176
     0
 90
        2
176
     1
  1
strokes_ogs.tif
176
     1
290
     0
176
     1
 40
1.0
176
     1
 40
1.0
176
     1
1001
ACAD
1000
AcDbSavedByObjectVersion
1070
     0
  0
VISUALSTYLE
  5
40
102
{ACAD_REACTORS
330
29
102
}
330
29
100
AcDbVisualStyle
  2
OverhangOff
 70
    21
177
     3
291
     1
 70
    58
 90
        2
176
     0
 90
        2
176
     0
 90
        0
176
     0
 90
        0
176
     0
 40
0.6
176
     0
 40
30.0
176
     0
 62
     7
420
 16777215
176
     0
 90
        1
176
     0
 90
        4
176
     0
 62
     7
176
     0
 62
   257
176
     0
 90
        1
176
     0
 90
        1
176
     0
 40
1.0
176
     0
 90
        9
176
     2
 62
     7
176
     0
 40
1.0
176
     0
 90
        1
176
     0
 90
        6
176
     0
 90
        2
176
     0
 62
     7
176
     0
 90
        5
176
     0
 90
        0
176
     0
 90
        0
176
     0
290
     0
176
     0
 90
        1
176
     0
 40
0.0
176
     0
 90
        0
176
     0
290
     0
176
     0
290
     1
176
     0
290
     1
176
     0
290
     0
176
     0
290
     0
176
     0
290
     0
176
     0
290
     0
176
     0
290
     0
176
     0
290
     0
176
     0
 90
       50
176
     0
 40
0.0
176
     0
 40
1.0
176
     0
 90
        0
176
     0
 62
    18
420
        0
176
     0
 90
       50
176
     0
 90
        3
176
     0
 62
     5
420
      255
176
     0
290
     0
176
     0
 90
       50
176
     0
 90
       50
176
     0
 90
       50
176
     0
290
     0
176
     0
 90
       50
176
     0
 62
   256
176
     0
 40
1.0
176
     0
 90
        2
176
     0
  1
strokes_ogs.tif
176
     0
290
     0
176
     0
 40
1.0
176
     0
 40
1.0
176
     0
1001
ACAD
1000
AcDbSavedByObjectVersion
1070
     0
  0
VISUALSTYLE
  5
33
102
{ACAD_REACTORS
330
29
102
}
330
29
100
AcDbVisualStyle
  2
Realistic
 70
     8
177
     3
291
     0
 70
    58
 90
        2
176
     1
 90
        3
176
     1
 90
        0
176
     1
 90
        2
176
     1
 40
0.6
176
     1
 40
30.0
176
     1
 62
     7
420
 16777215
176
     1
 90
        0
176
     1
 90
        0
176
     1
 62
     7
176
     1
 62
   257
176
     1
 90
        1
176
     1
 90
        1
176
     1
 40
1.0
176
     1
 90
        8
176
     1
 62
   257
176
     1
 40
1.0
176
     1
 90
        1
176
     1
 90
        6
176
     1
 90
        2
176
     1
 62
     7
176
     1
 90
        3
176
     1
 90
        0
176
     1
 90
        0
176
     1
290
     0
176
     1
 90
       13
176
     1
 40
0.0
176
     1
 90
        0
176
     1
290
     0
176
     1
290
     1
176
     1
290
     1
176
     1
290
     0
176
     1
290
     0
176
     1
290
     0
176
     1
290
     0
176
     1
290
     0
176
     1
290
     0
176
     1
 90
       50
176
     1
 40
0.0
176
     1
 40
1.0
176
     1
 90
        0
176
     1
 62
    18
420
        0
176
     1
 90
       50
176
     1
 90
        3
176
     1
 62
     5
420
      255
176
     1
290
     0
176
     1
 90
       50
176
     1
 90
       50
176
     1
 90
       50
176
     1
290
     0
176
     1
 90
       50
176
     1
 62
   256
176
     0
 40
1.0
176
     0
 90
        2
176
     1
  1
strokes_ogs.tif
176
     1
290
     0
176
     1
 40
1.0
176
     1
 40
1.0
176
     1
1001
ACAD
1000
AcDbSavedByObjectVersion
1070
     0
  0
VISUALSTYLE
  5
3E
102
{ACAD_REACTORS
330
29
102
}
330
29
100
AcDbVisualStyle
  2
Shaded
 70
    27
177
     3
291
     0
 70
    58
 90
        2
176
     1
 90
        2
176
     1
 90
        1
176
     1
 90
        2
176
     1
 40
0.6
176
     1
 40
30.0
176
     1
 62
     7
420
 16777215
176
     1
 90
        0
176
     1
 90
        4
176
     1
 62
     7
176
     1
 62
   257
176
     1
 90
        1
176
     1
 90
        1
176
     1
 40
1.0
176
     1
 90
        8
176
     1
 62
   257
176
     1
 40
1.0
176
     1
 90
        1
176
     1
 90
        6
176
     1
 90
        2
176
     1
 62
     8
420
  7895160
176
     1
 90
        3
176
     1
 90
        0
176
     1
 90
        0
176
     1
290
     0
176
     1
 90
        5
176
     1
 40
0.0
176
     1
 90
        0
176
     1
290
     0
176
     1
290
     1
176
     1
290
     1
176
     1
290
     0
176
     1
290
     0
176
     1
290
     0
176
     1
290
     0
176
     1
290
     0
176
     1
290
     0
176
     1
 90
       50
176
     1
 40
0.0
176
     1
 40
1.0
176
     1
 90
        0
176
     1
 62
    18
420
        0
176
     1
 90
       50
176
     1
 90
        3
176
     1
 62
     5
420
      255
176
     1
290
     0
176
     1
 90
       50
176
     1
 90
       50
176
     1
 90
       50
176
     1
290
     0
176
     1
 90
       50
176
     1
 62
   256
176
     0
 40
1.0
176
     0
 90
        2
176
     1
  1
strokes_ogs.tif
176
     1
290
     0
176
     1
 40
1.0
176
     1
 40
1.0
176
     1
1001
ACAD
1000
AcDbSavedByObjectVersion
1070
     0
  0
VISUALSTYLE
  5
3D
102
{ACAD_REACTORS
330
29
102
}
330
29
100
AcDbVisualStyle
  2
Shaded with edges
 70
    26
177
     3
291
     0
 70
    58
 90
        2
176
     1
 90
        2
176
     1
 90
        1
176
     1
 90
        2
176
     1
 40
0.6
176
     1
 40
30.0
176
     1
 62
     7
420
 16777215
176
     1
 90
        1
176
     1
 90
        2
176
     1
 62
     7
176
     1
 62
   257
176
     1
 90
        2
176
     1
 90
        1
176
     1
 40
1.0
176
     1
 90
        8
176
     1
 62
   257
176
     1
 40
1.0
176
     1
 90
        1
176
     1
 90
        6
176
     1
 90
        2
176
     1
 62
     7
176
     1
 90
        3
176
     1
 90
        0
176
     1
 90
        0
176
     1
290
     0
176
     1
 90
        5
176
     1
 40
0.0
176
     1
 90
        0
176
     1
290
     0
176
     1
290
     1
176
     1
290
     1
176
     1
290
     0
176
     1
290
     0
176
     1
290
     0
176
     1
290
     0
176
     1
290
     0
176
     1
290
     0
176
     1
 90
       50
176
     1
 40
0.0
176
     1
 40
1.0
176
     1
 90
        0
176
     1
 62
    18
420
        0
176
     1
 90
       50
176
     1
 90
        3
176
     1
 62
     5
420
      255
176
     1
290
     0
176
     1
 90
       50
176
     1
 90
       50
176
     1
 90
       50
176
     1
290
     0
176
     1
 90
       50
176
     1
 62
   256
176
     0
 40
1.0
176
     0
 90
        2
176
     1
  1
strokes_ogs.tif
176
     1
290
     0
176
     1
 40
1.0
176
     1
 40
1.0
176
     1
1001
ACAD
1000
AcDbSavedByObjectVersion
1070
     0
  0
VISUALSTYLE
  5
3A
102
{ACAD_REACTORS
330
29
102
}
330
29
100
AcDbVisualStyle
  2
Shades of Gray
 70
    23
177
     3
291
     0
 70
    58
 90
        2
176
     1
 90
        2
176
     1
 90
        3
176
     1
 90
        0
176
     1
 40
0.6
176
     1
 40
30.0
176
     1
 62
     7
420
 16777215
176
     1
 90
        2
176
     1
 90
        2
176
     1
 62
     7
176
     1
 62
     7
176
     1
 90
        1
176
     1
 90
        1
176
     1
 40
40.0
176
     1
 90
        8
176
     1
 62
     7
176
     1
 40
1.0
176
     1
 90
        1
176
     1
 90
        6
176
     1
 90
        2
176
     1
 62
     7
176
     1
 90
        3
176
     1
 90
        0
176
     1
 90
        0
176
     1
290
     0
176
     1
 90
        1
176
     1
 40
0.0
176
     1
 90
        0
176
     1
290
     0
176
     1
290
     1
176
     1
290
     1
176
     1
290
     0
176
     1
290
     0
176
     1
290
     0
176
     1
290
     0
176
     1
290
     0
176
     1
290
     0
176
     1
 90
       50
176
     1
 40
0.0
176
     1
 40
1.0
176
     1
 90
        0
176
     1
 62
    18
420
        0
176
     1
 90
       50
176
     1
 90
        3
176
     1
 62
     5
420
      255
176
     1
290
     0
176
     1
 90
       50
176
     1
 90
       50
176
     1
 90
       50
176
     1
290
     0
176
     1
 90
       50
176
     1
 62
   256
176
     0
 40
1.0
176
     0
 90
        2
176
     1
  1
strokes_ogs.tif
176
     1
290
     0
176
     1
 40
1.0
176
     1
 40
1.0
176
     1
1001
ACAD
1000
AcDbSavedByObjectVersion
1070
     0
  0
VISUALSTYLE
  5
3B
102
{ACAD_REACTORS
330
29
102
}
330
29
100
AcDbVisualStyle
  2
Sketchy
 70
    24
177
     3
291
     0
 70
    58
 90
        1
176
     1
 90
        2
176
     1
 90
        2
176
     1
 90
        0
176
     1
 40
0.6
176
     1
 40
30.0
176
     1
 62
     7
420
 16777215
176
     1
 90
        2
176
     1
 90
        2
176
     1
 62
     7
176
     1
 62
     7
176
     1
 90
        1
176
     1
 90
        1
176
     1
 40
40.0
176
     1
 90
       11
176
     1
 62
     7
176
     1
 40
1.0
176
     1
 90
        1
176
     1
 90
        6
176
     1
 90
        2
176
     1
 62
     7
176
     1
 90
        6
176
     1
 90
        0
176
     1
 90
        0
176
     1
290
     0
176
     1
 90
        1
176
     1
 40
0.0
176
     1
 90
        0
176
     1
290
     0
176
     1
290
     1
176
     1
290
     1
176
     1
290
     0
176
     1
290
     0
176
     1
290
     0
176
     1
290
     0
176
     1
290
     0
176
     1
290
     0
176
     1
 90
       50
176
     1
 40
0.0
176
     1
 40
1.0
176
     1
 90
        0
176
     1
 62
    18
420
        0
176
     1
 90
       50
176
     1
 90
        3
176
     1
 62
     5
420
      255
176
     1
290
     0
176
     1
 90
       50
176
     1
 90
       50
176
     1
 90
       50
176
     1
290
     0
176
     1
 90
       50
176
     1
 62
   256
176
     0
 40
1.0
176
     0
 90
        2
176
     1
  1
strokes_ogs.tif
176
     1
290
     0
176
     1
 40
1.0
176
     1
 40
1.0
176
     1
1001
ACAD
1000
AcDbSavedByObjectVersion
1070
     0
  0
VISUALSTYLE
  5
36
102
{ACAD_REACTORS
330
29
102
}
330
29
100
AcDbVisualStyle
  2
Thicken
 70
    13
177
     3
291
     1
 70
    58
 90
        2
176
     1
 90
        2
176
     1
 90
        0
176
     1
 90
        0
176
     1
 40
0.6
176
     1
 40
30.0
176
     1
 62
     7
420
 16777215
176
     1
 90
        1
176
     1
 90
        4
176
     1
 62
     7
176
     1
 62
   257
176
     1
 90
        1
176
     1
 90
        1
176
     1
 40
1.0
176
     1
 90
       12
176
     1
 62
     7
176
     1
 40
1.0
176
     1
 90
        1
176
     1
 90
        6
176
     1
 90
        2
176
     1
 62
     7
176
     1
 90
        5
176
     1
 90
        0
176
     1
 90
        0
176
     1
290
     0
176
     1
 90
        1
176
     1
 40
0.0
176
     1
 90
        0
176
     1
290
     0
176
     1
290
     1
176
     1
290
     1
176
     1
290
     0
176
     1
290
     0
176
     1
290
     0
176
     1
290
     0
176
     1
290
     0
176
     1
290
     0
176
     1
 90
       50
176
     1
 40
0.0
176
     1
 40
1.0
176
     1
 90
        0
176
     1
 62
    18
420
        0
176
     1
 90
       50
176
     1
 90
        3
176
     1
 62
     5
420
      255
176
     1
290
     0
176
     1
 90
       50
176
     1
 90
       50
176
     1
 90
       50
176
     1
290
     0
176
     1
 90
       50
176
     1
 62
   256
176
     0
 40
1.0
176
     0
 90
        2
176
     1
  1
strokes_ogs.tif
176
     1
290
     0
176
     1
 40
1.0
176
     1
 40
1.0
176
     1
1001
ACAD
1000
AcDbSavedByObjectVersion
1070
     0
  0
VISUALSTYLE
  5
30
102
{ACAD_REACTORS
330
29
102
}
330
29
100
AcDbVisualStyle
  2
Wireframe
 70
     5
177
     3
291
     0
 70
    58
 90
        0
176
     1
 90
        2
176
     1
 90
        0
176
     1
 90
        0
176
     1
 40
0.6
176
     1
 40
30.0
176
     1
 62
     7
420
 16777215
176
     1
 90
        1
176
     1
 90
        4
176
     1
 62
     7
176
     1
 62
   257
176
     1
 90
        1
176
     1
 90
        1
176
     1
 40
1.0
176
     1
 90
        0
176
     1
 62
   257
176
     1
 40
1.0
176
     1
 90
        1
176
     1
 90
        6
176
     1
 90
        2
176
     1
 62
     7
176
     1
 90
        3
176
     1
 90
        0
176
     1
 90
        0
176
     1
290
     0
176
     1
 90
        1
176
     1
 40
0.0
176
     1
 90
        0
176
     1
290
     0
176
     1
290
     1
176
     1
290
     1
176
     1
290
     0
176
     1
290
     0
176
     1
290
     0
176
     1
290
     0
176
     1
290
     0
176
     1
290
     0
176
     1
 90
       50
176
     1
 40
0.0
176
     1
 40
1.0
176
     1
 90
        0
176
     1
 62
    18
420
        0
176
     1
 90
       50
176
     1
 90
        3
176
     1
 62
     5
420
      255
176
     1
290
     0
176
     1
 90
       50
176
     1
 90
       50
176
     1
 90
       50
176
     1
290
     0
176
     1
 90
       50
176
     1
 62
   256
176
     0
 40
1.0
176
     0
 90
        2
176
     1
  1
strokes_ogs.tif
176
     1
290
     0
176
     1
 40
1.0
176
     1
 40
1.0
176
     1
1001
ACAD
1000
AcDbSavedByObjectVersion
1070
     0
  0
VISUALSTYLE
  5
3C
102
{ACAD_REACTORS
330
29
102
}
330
29
100
AcDbVisualStyle
  2
X-Ray
 70
    25
177
     3
291
     0
 70
    58
 90
        2
176
     1
 90
        2
176
     1
 90
        1
176
     1
 90
        1
176
     1
 40
0.5
176
     1
 40
30.0
176
     1
 62
     7
420
 16777215
176
     1
 90
        1
176
     1
 90
        0
176
     1
 62
     7
176
     1
 62
   257
176
     1
 90
        1
176
     1
 90
        1
176
     1
 40
1.0
176
     1
 90
        8
176
     1
 62
     7
176
     1
 40
1.0
176
     1
 90
        1
176
     1
 90
        6
176
     1
 90
        2
176
     1
 62
     7
176
     1
 90
        3
176
     1
 90
        0
176
     1
 90
        0
176
     1
290
     0
176
     1
 90
       13
176
     1
 40
0.0
176
     1
 90
        0
176
     1
290
     0
176
     1
290
     1
176
     1
290
     1
176
     1
290
     0
176
     1
290
     0
176
     1
290
     0
176
     1
290
     0
176
     1
290
     0
176
     1
290
     0
176
     1
 90
       50
176
     1
 40
0.0
176
     1
 40
1.0
176
     1
 90
        0
176
     1
 62
    18
420
        0
176
     1
 90
       50
176
     1
 90
        3
176
     1
 62
     5
420
      255
176
     1
290
     0
176
     1
 90
       50
176
     1
 90
       50
176
     1
 90
       50
176
     1
290
     0
176
     1
 90
       50
176
     1
 62
   256
176
     0
 40
1.0
176
     0
 90
        2
176
     1
  1
strokes_ogs.tif
176
     1
290
     0
176
     1
 40
1.0
176
     1
 40
1.0
176
     1
1001
ACAD
1000
AcDbSavedByObjectVersion
1070
     0
  0
DICTIONARYVAR
  5
3E1
102
{ACAD_REACTORS
330
3DC
102
}
330
3DC
100
DictionaryVariables
280
     0
  1
1:1
  0
DICTIONARYVAR
  5
3DE
102
{ACAD_REACTORS
330
3DC
102
}
330
3DC
100
DictionaryVariables
280
     0
  1
STANDARD
  0
DICTIONARYVAR
  5
3DD
102
{ACAD_REACTORS
330
3DC
102
}
330
3DC
100
DictionaryVariables
280
     0
  1
STANDARD
  0
DICTIONARYVAR
  5
3DF
102
{ACAD_REACTORS
330
3DC
102
}
330
3DC
100
DictionaryVariables
280
     0
  1
Imperial24
  0
DICTIONARYVAR
  5
3E0
102
{ACAD_REACTORS
330
3DC
102
}
330
3DC
100
DictionaryVariables
280
     0
  1
Imperial24
  0
DICTIONARY
  5
3E7
330
6B
100
AcDbDictionary
280
     1
281
     1
  3
ACAD_XREC_ROUNDTRIP
360
3E8
  0
DICTIONARY
  5
1A
330
19
100
AcDbDictionary
280
     1
281
     1
  3
BUMPTILE
360
1C
  3
DIFFUSETILE
360
1B
  3
OPACITYTILE
360
1F
  3
REFLECTIONTILE
360
1E
  3
REFRACTIONTILE
360
20
  3
SPECULARTILE
360
1D
  0
DICTIONARY
  5
12
330
11
100
AcDbDictionary
280
     1
281
     1
  3
BUMPTILE
360
14
  3
DIFFUSETILE
360
13
  3
OPACITYTILE
360
17
  3
REFLECTIONTILE
360
16
  3
REFRACTIONTILE
360
18
  3
SPECULARTILE
360
15
  0
DICTIONARY
  5
22
330
21
100
AcDbDictionary
280
     1
281
     1
  3
BUMPTILE
360
24
  3
DIFFUSETILE
360
23
  3
OPACITYTILE
360
27
  3
REFLECTIONTILE
360
26
  3
REFRACTIONTILE
360
28
  3
SPECULARTILE
360
25
  0
DICTIONARY
  5
3E5
330
69
100
AcDbDictionary
280
     1
281
     1
  3
ACAD_XREC_ROUNDTRIP
360
3E6
  0
DICTIONARY
  5
3E2
330
65
100
AcDbDictionary
280
     1
281
     1
  3
ACAD_ROUNDTRIP_2008_TABLESTYLE_CELLSTYLEMAP
360
3E3
  0
XRECORD
  5
3E8
102
{ACAD_REACTORS
330
3E7
102
}
330
3E7
100
AcDbXrecord
280
     1
102
DISPLAYNAME
  1
Imperial24
102
FLAGS
 90
        0
  0
XRECORD
  5
1C
102
{ACAD_REACTORS
330
1A
102
}
330
1A
100
AcDbXrecord
280
     1
270
     1
271
     1
  0
XRECORD
  5
1B
102
{ACAD_REACTORS
330
1A
102
}
330
1A
100
AcDbXrecord
280
     1
270
     1
271
     1
  0
XRECORD
  5
1F
102
{ACAD_REACTORS
330
1A
102
}
330
1A
100
AcDbXrecord
280
     1
270
     1
271
     1
  0
XRECORD
  5
1E
102
{ACAD_REACTORS
330
1A
102
}
330
1A
100
AcDbXrecord
280
     1
270
     1
271
     1
  0
XRECORD
  5
20
102
{ACAD_REACTORS
330
1A
102
}
330
1A
100
AcDbXrecord
280
     1
270
     1
271
     1
  0
XRECORD
  5
1D
102
{ACAD_REACTORS
330
1A
102
}
330
1A
100
AcDbXrecord
280
     1
270
     1
271
     1
  0
XRECORD
  5
14
102
{ACAD_REACTORS
330
12
102
}
330
12
100
AcDbXrecord
280
     1
270
     1
271
     1
  0
XRECORD
  5
13
102
{ACAD_REACTORS
330
12
102
}
330
12
100
AcDbXrecord
280
     1
270
     1
271
     1
  0
XRECORD
  5
17
102
{ACAD_REACTORS
330
12
102
}
330
12
100
AcDbXrecord
280
     1
270
     1
271
     1
  0
XRECORD
  5
16
102
{ACAD_REACTORS
330
12
102
}
330
12
100
AcDbXrecord
280
     1
270
     1
271
     1
  0
XRECORD
  5
18
102
{ACAD_REACTORS
330
12
102
}
330
12
100
AcDbXrecord
280
     1
270
     1
271
     1
  0
XRECORD
  5
15
102
{ACAD_REACTORS
330
12
102
}
330
12
100
AcDbXrecord
280
     1
270
     1
271
     1
  0
XRECORD
  5
24
102
{ACAD_REACTORS
330
22
102
}
330
22
100
AcDbXrecord
280
     1
270
     1
271
     1
  0
XRECORD
  5
23
102
{ACAD_REACTORS
330
22
102
}
330
22
100
AcDbXrecord
280
     1
270
     1
271
     1
  0
XRECORD
  5
27
102
{ACAD_REACTORS
330
22
102
}
330
22
100
AcDbXrecord
280
     1
270
     1
271
     1
  0
XRECORD
  5
26
102
{ACAD_REACTORS
330
22
102
}
330
22
100
AcDbXrecord
280
     1
270
     1
271
     1
  0
XRECORD
  5
28
102
{ACAD_REACTORS
330
22
102
}
330
22
100
AcDbXrecord
280
     1
270
     1
271
     1
  0
XRECORD
  5
25
102
{ACAD_REACTORS
330
22
102
}
330
22
100
AcDbXrecord
280
     1
270
     1
271
     1
  0
XRECORD
  5
3E6
102
{ACAD_REACTORS
330
3E5
102
}
330
3E5
100
AcDbXrecord
280
     1
102
DISPLAYNAME
  1
Imperial24
102
FLAGS
 90
        0
  0
CELLSTYLEMAP
  5
3E3
102
{ACAD_REACTORS
330
3E2
102
}
330
3E2
100
AcDbCellStyleMap
 90
        3
300
CELLSTYLE
  1
TABLEFORMAT_BEGIN
 90
        5
170
     1
 91
        0
 92
    32768
 62
   257
 93
        1
300
CONTENTFORMAT
  1
CONTENTFORMAT_BEGIN
 90
        0
 91
        0
 92
      512
 93
        0
300

 40
0.0
140
1.0
 94
        5
 62
     0
340
55
144
0.25
309
CONTENTFORMAT_END
171
     0
 94
        0
309
TABLEFORMAT_END
  1
CELLSTYLE_BEGIN
 90
        1
 91
        1
300
_TITLE
309
CELLSTYLE_END
300
CELLSTYLE
  1
TABLEFORMAT_BEGIN
 90
        5
170
     1
 91
        0
 92
        0
 62
   257
 93
        1
300
CONTENTFORMAT
  1
CONTENTFORMAT_BEGIN
 90
        0
 91
        0
 92
      512
 93
        0
300

 40
0.0
140
1.0
 94
        5
 62
     0
340
55
144
0.18
309
CONTENTFORMAT_END
171
     0
 94
        0
309
TABLEFORMAT_END
  1
CELLSTYLE_BEGIN
 90
        2
 91
        1
300
_HEADER
309
CELLSTYLE_END
300
CELLSTYLE
  1
TABLEFORMAT_BEGIN
 90
        5
170
     1
 91
        0
 92
        0
 62
   257
 93
        1
300
CONTENTFORMAT
  1
CONTENTFORMAT_BEGIN
 90
        0
 91
        0
 92
      512
 93
        0
300

 40
0.0
140
1.0
 94
        2
 62
     0
340
55
144
0.18
309
CONTENTFORMAT_END
171
     0
 94
        0
309
TABLEFORMAT_END
  1
CELLSTYLE_BEGIN
 90
        3
 91
        2
300
_DATA
309
CELLSTYLE_END
  0
ENDSEC
  0
EOF
